id_imovel,imovel,telefone,fax,email,cj,num_varas_instaladas,entrancia,comarca_tjsp,dist_capital,tensao_eletrica,endereco_lougradouro,endereco_cep,endereco_municipio,endereco_uf
1,Fórum I Adamantina,(18) 2106-1718,Não Informado,adamantinaadm@tjsp.jus.br,Tupã,3,Entrância Inicial,Adamantina,500.26,110V,"Avenida Ademar de Barros , 133 - Centro",17800-000,Adamantina,SP
2,Comarca de Aguaí,Não Informado,Não Informado,aguaiadm@tjsp.jus.br,São João da Boa Vista,1,Entrância Inicial,Aguaí,169.25,110V,"Rua Joaquim Paula Cruz , 900 - Jd. Sta. Úrsula",13863-044,Aguaí,SP
3,Fórum Águas de Lindóia,(19) 2154-5204,Não Informado,aguaslindoiaadm@tjsp.jus.br,Amparo,1,Entrância Inicial,Águas de Lindóia,119.2,110V,"Rua Francisco Spartani , 66 - Jd. Le Villete",13940-000,Águas de Lindóia,SP
4,"FÓRUM DESEMBARGADOR ""FRANCISCO MEIRELLES DOS SANTOS""",(14) 2151-5455,Não Informado,agudosadm@tjsp.jus.br,Bauru,2,Entrância Inicial,Agudos,268.95,110V,"Rua Paulo Nelli , 276 - Vila Andreotti",17120-370,Agudos,SP
5,"Fórum ""Desembargador ALFREDO FANUCCHI NETO""",(16) 3665-2211,Não Informado,altinopadm@tjsp.jus.br,Batatais,1,Entrância Inicial,Altinópolis,290.52,110V,"Avenida Doutor Alberto Crivelenti , 555 - Centro",14350-005,Altinópolis,SP
6,Fórum Americana,Não Informado,(19) 3309-2515,americanaadm@tjsp.jus.br,Americana,10,Entrância Final,Americana,114.63,110V,"Avenida Brasil Sul , 2669 - Parque Res. Nardini",13468-390,Americana,SP
7,Fórum Américo Brasiliense,(16) 2109-1420,Não Informado,americoadm@tjsp.jus.br,Araraquara,3,Entrância Inicial,Américo Brasiliense,252.51,110V,"Rua D. Pedro II , 65 - Centro",14820-000,Américo Brasiliense,SP
8,Fórum Dr. Laudo Ferreira de Camargo,(19) 3938-6005,Não Informado,amparoadm@tjsp.jus.br,Amparo,2,Entrância Final,Amparo,95.08,220V,"Praça Tenente José Ferraz de Oliveira , 55 - Centro",13900-900,Amparo,SP
9,Fórum Andradina I (Homero Rodrigues Silva),(18) 2122-2358,(18) 98169-5471,andradinaadm@tjsp.jus.br,Andradina,5,Entrância Final,Andradina,570.27,110V,"Rua Paes Leme , 2052 - Stella Maris",16901-907,Andradina,SP
10,Fórum I Angatuba,(15) 3255-9805,Não Informado,angatubaadm@tjsp.jus.br,Itapetininga,1,Entrância Inicial,Angatuba,181.28,110V,"Rua Públio de Almeida Melo , 832 - Centro",18240-000,Angatuba,SP
11,Fórum Aparecida,(12) 3311-9355,Não Informado,aparecidaadm@tjsp.jus.br,Guaratinguetá,2,Entrância Inicial,Aparecida,163.47,110V,"Avenida Padroeira do Brasil , 180 - São Roque",12573-276,Aparecida,SP
12,Fórum Araçatuba I - PRINCIPAL,(18) 2102-9548,Não Informado,aracatubaadm@tjsp.jus.br,Araçatuba,16,Entrância Final,Araçatuba,469.04,110V,"Praça Doutor Maurício Martins Leite , 60 - Vila São Paulo",16015-600,Araçatuba,SP
13,Fórum Juiz Macedo Couto,(16) 2108-1167,Não Informado,araraquaraadm@tjsp.jus.br,Araraquara,14,Entrância Final,Araraquara,250.99,110V,"Rua dos Libaneses , 1998 - Carmo",14801-425,Araraquara,SP
14,Fórum Araras - (Des.Manoel Carlos  da Costa Leite),(19) 3321-2358,(19) 3321-2358,ararasadm@tjsp.jus.br,Limeira,5,Entrância Intermediária,Araras,152.98,220V,"Avenida Antônio Prudente , 322 - Jd. Universitário",13607-335,Araras,SP
15,Fórum Fernando de Albuquerque Prado,(11) 2833-8651,(11) 2192-2805,Não Informado,Guarulhos,2,Entrância Intermediária,Arujá,36.3,110V,"Rua Albino Rodrigues Neves , 585 - Center Ville",07401-125,Arujá,SP
16,Fórum Assis I - Dr. José Claudino de Oliveira Dias,(18) 3402-1585,Não Informado,assisadm@tjsp.jus.br,Assis,7,Entrância Final,Assis,398.53,220V,"Rua Doutor Lício Brandão de Camargo , 50 - Vila Clementina",19802-300,Assis,SP
17,"Fórum ""Dr. Álvaro Correia Lima""",(11) 3402-5532,Não Informado,atibaiaadm@tjsp.jus.br,Bragança Paulista,9,Entrância Final,Atibaia,48.72,110V,"Rua Doutor José Roberto Paim , 99 - Parque dos Coqueiros",12945-007,Atibaia,SP
18,Fórum Auriflama - (Ministro Domingos Franciulli Neto),(17) 3482-8301,Não Informado,auriflamaadm@tjsp.jus.br,Jales,1,Entrância Inicial,Auriflama,513.98,110V,"Rua Osório Messias de Almeida , 47-35 - Cachopa",15351-112,Auriflama,SP
19,Fórum Avaré - I,(14) 2122-5605,Não Informado,avareadm@tjsp.jus.br,Avaré,4,Entrância Final,Avaré,239.08,220V,"Rua: ABILIO GARCIA , 527 - Vila Jussara Maria",18706-040,Avaré,SP
20,DR JOSÉ RANGEL DE ALMEIDA,(12) 2138-5452,Não Informado,bananaladm@tjsp.jus.br,Guaratinguetá,1,Entrância Inicial,Bananal,255.29,110V,"Praça Rubião Jr. 305 , 305 - Centro",12850-000,Bananal,SP
21,"FORUM ""DR. JOAQUIM FERNANDO PAES DE BARROS NETTO""",(14) 3663-9405,Não Informado,baririadm@tjsp.jus.br,Jaú,1,Entrância Inicial,Bariri,270.85,110V,"Avenida Claudionor Barbieri nº 488 ,  - Centro",17250-027,Bariri,SP
22,Fórum I Barra Bonita,(14) 3604-2716,Não Informado,barrabonitaadm@tjsp.jus.br,Jaú,2,Entrância Inicial,Barra Bonita,228.89,220V,"Rua Prudente de Moraes - Praça Emydio Meira , 520 - Jardim Vista Alegre",17340-102,Barra Bonita,SP
23,Fórum I Barretos,(17) 3043-9133,Não Informado,barretosadm@tjsp.jus.br,Barretos,6,Entrância Final,Barretos,387.59,110V,"Avenida Centenário da Abolição , 1500 - América",14783-195,Barretos,SP
24,Fórum Barueri - (Principal) - Desativado,Não Informado,Não Informado,Não Informado,Não Informado,0,Não Informado,Não Informado,,Não Informado,"Rua Ministro Raphael de Barros Monteiro , 110 - Jardim dos Camargos",06410-901,Barueri,SP
25,Foro da Comarca de Bastos,(14) 3478-9601,(14) 3478-9602,bastosadm@tjsp.jus.br,Tupã,3,Entrância Inicial,Bastos,457.46,220V,"Rua XV de Novembro , 50 - Jardim Hikari",17694-002,Bastos,SP
26,Fórum Batatais,(16) 2110-1816,Não Informado,batataisadm@tjsp.jus.br,Batatais,3,Entrância Final,Batatais,311.16,110V,"Praça Doutor José Arantes Junqueira , 01 - Centro",14300-023,Batatais,SP
27,Fórum Bauru I - (Principal),Não Informado,Não Informado,bauruadm@tjsp.jus.br,Bauru,1,Entrância Final,Bauru,283.65,110V,"Rua Afonso Pena , 5-40 - Bela Vista",17060-900,Bauru,SP
28,Fórum Bebedouro - Desembargador Adriano Marrey,(17) 3313-5918,Não Informado,Não Informado,Barretos,3,Entrância Intermediária,Bebedouro,345.65,110V,"Avenida Oswaldo Perrone , 218 - Parque Eldorado",14706-136,Bebedouro,SP
29,Fórum da Comarca de Bertioga,Não Informado,(13) 2101-1403,bertiogaadm@tjsp.jus.br,Santos,3,Entrância Inicial,Bertioga,60.98,220V,"Avenida Anchieta , 162/192 - Centro",11250-039,Bertioga,SP
30,Fórum da Comarca de Bilac - (Coriolano Pompeu Filho),(18) 3659-9314,Não Informado,bilacadm@tjsp.jus.br,Araçatuba,1,Entrância Inicial,Bilac,460.54,220V,"Rua Olavo Bilac , 466 - Centro",16210-000,Bilac,SP
31,Fórum I Birigüi,(18) 3211-8227,Não Informado,biriguiadm@tjsp.jus.br,Araçatuba,6,Entrância Intermediária,Birigui,456.07,110V,"Rua Faustino Segura , 214 - Parque São Vicente",16200-370,Birigui,SP
32,Fórum Boituva I  (Ofícios Judiciais),Não Informado,Não Informado,boituvaadm@tjsp.jus.br,Itu,4,Entrância Inicial,Boituva,109.74,220V,"Rua Manoel dos Santos Freire , 161 - Centro",18550-073,Boituva,SP
33,"Fórum ""Desembargador Antonio Luis Chaves Camargo""",(16) 3266-1010,Não Informado,Não Informado,Araraquara,1,Entrância Inicial,Borborema,329.53,110V,"Rua Joaquim Martins Carvalho , 676 - Centro",14955-000,Borborema,SP
35,Fórum Bragança Paulista - Professor Waldemar Martins Ferreira,(11) 3404-5835,Não Informado,bragancaadm@tjsp.jus.br,Bragança Paulista,7,Entrância Final,Bragança Paulista,66.96,110V,"Avenida dos Imigrantes , 1501 - Jd. America",12902-000,Bragança Paulista,SP
36,Fórum I Brodowski,(11) 3116-9802,(11) 3116-9801,brodowskiadm@tjsp.jus.br,Batatais,1,Entrância Inicial,Brodowski,303.17,110V,"Avenida Papa João XXIII, 1550 , 1550 - Jd. Champagnat",14340-000,Brodowski,SP
37,Fórum Brotas - Desembargador Júlio D´Elboux Guimarães,(14) 3654-7703,Não Informado,brotasadm@tjsp.jus.br,Rio Claro,1,Entrância Inicial,Brotas,207.53,110V,"Praça Nove de Julho , 26 - Centro",17380-000,Brotas,SP
38,Fórum Buritama,(18) 3691-9721,Não Informado,buritamaadm@tjsp.jus.br,Araçatuba,3,Entrância Inicial,Buritama,454.5,220V,"Avenida Frei Marcelo Manilia , 700 - Centro",15290-065,Buritama,SP
39,"Fórum ""Desembargador Geraldo de Faria Lemos Pinheiro""",(11) 5132-1054,Não Informado,cabreuvaadm@tjsp.jus.br,Itu,2,Entrância Inicial,Cabreúva,57.3,110V,"Rua Adhemar Clemente Nunes , 11 - Jacaré",13318-136,Cabreúva,SP
40,FÓRUM CAÇAPAVA - CÍVEL / CEJUSC - PRAÇA DA BANDEIRA,(12) 3221-5664,(12) 0000-0000,cacapavaadm@tjsp.jus.br,Taubaté,1,Entrância Intermediária,Caçapava,107.09,220V,"Praça da Bandeira , 177 - Centro",12281-630,Caçapava,SP
41,Ministro José Rodrigues Alves Sobrinho,(12) 2138-5414,Não Informado,cachptaadm@tjsp.jus.br,Guaratinguetá,3,Entrância Inicial,Cachoeira Paulista,193.2,110V,"Praça Prefeito Prado Filho , s/n - Centro",12630-000,Cachoeira Paulista,SP
42,Fórum Caconde I - (Dr. Antônio de Queiroz Filho),(19) 3662-7812,Não Informado,cacondeadm@tjsp.jus.br,Casa Branca,1,Entrância Inicial,Caconde,224.49,110V,"Praça Coronel Gustavo Ribeiro , 50 - Centro",13770-000,Caconde,SP
43,Fórum Cafelândia I - (Principal),(14) 3554-9704,Não Informado,cafelandiaadm@tjsp.jus.br,Lins,1,Entrância Inicial,Cafelândia,361.56,110V,"Avenida Dionísia Zucchi , 330 - centro",16503034,Cafelândia,SP
44,Fórum de Caieiras I,(11) 2189-9204,Não Informado,caieirasadm@tjsp.jus.br,Jundiaí,2,Entrância Intermediária,Caieiras,23.09,110V,"Rua Doutor Armando Pinto , 360 - Centro",07700-175,Caieiras,SP
45,Fórum I Cajamar - (Desembargador Marcos Nogueira Garcez),(11) 3245-8015,Não Informado,Não Informado,Jundiaí,2,Entrância Intermediária,Cajamar,32.56,220V,"Avenida Joaquim Janus Penteado , 96 - Distrito de Jordanésia",07786-520,Cajamar,SP
46,Fórum Cajuru (Dr. Amaury Manço),(16) 3667-3033,Não Informado,cajuruadm@tjsp.jus.br,Ribeirão Preto,1,Entrância Inicial,Cajuru,261.89,110V,"Rua José Bonifácio , 817 - Centro",14240-000,Cajuru,SP
47,Fórum Campinas I - Palácio da Justiça,(19) 2129-6451,Não Informado,campinasadm@tjsp.jus.br,Não Informado,0,Não Informado,Não Informado,,Não Informado,"Rua Regente Feijó , s/nº - Centro",13019-900,Campinas,SP
48,Foro Regional de Vila Mimosa - Campinas (Des. Antonio Carlos A. Braga),(19) 2101-9001,(19) 0000-0000,vimimosaadm@tjsp.jus.br,Campinas,9,Entrância Final,Campinas,83.55,110V,"Rua Dionisio Cazotti , 719 - Vila Mimosa",13050-050,Campinas,SP
49,Fórum de Campo Limpo Paulista,(11) 3378-5240,Não Informado,campolimpoadm@tjsp.jus.br,Jundiaí,2,Entrância Intermediária,Campo Limpo Paulista,40.92,220V,"Rua Marechal Deodoro da Fonseca , 550 - Vila Tavares",13230-130,Campo Limpo Paulista,SP
50,Fórum Campos do Jordão I - (Des.José Carlos de Macedo Soares),(12) 2144-1407,(12) 2144-1406,camposjordaoadm@tjsp.jus.br,Taubaté,2,Entrância Inicial,Campos do Jordão,139.67,110V,"Avenida Doutor Januário Miráglia , 1200 - Vila Abernéssia",12460-000,Campos do Jordão,SP
51,Fórum Cananéia - JOAQUIM GUEDES ALCOFORADO,(13) 3851-5606,Não Informado,cananeiaadm@tjsp.jus.br,Registro,1,Entrância Inicial,Cananéia,209.11,220V,"Rua Pero Lobo , 75 - CENTRO",11990-000,Cananéia,SP
52,Fórum Cândido Mota,(18) 2142-5151,Não Informado,candidomotaadm@tjsp.jus.br,Assis,2,Entrância Inicial,Cândido Mota,393.71,220V,"Praça Antonio Pípolo , s/n - Centro",19880-047,Cândido Mota,SP
53,Fórum Capivari,(19) 3491-1377,(19) 2146-7056,capivariadm@tjsp.jus.br,Piracicaba,2,Entrância Inicial,Capivari,108.23,110V,"Rua Doutor João Adolfo Stein , 171 - Pão de Açucar",13360-000,Capivari,SP
54,Fórum  de Caraguatatuba,(12) 3203-1901,Não Informado,caraguaadm@tjsp.jus.br,Caraguatatuba,4,Entrância Final,Caraguatatuba,124.88,220V,"Avenida Rio Grande do Sul , 1815 - indaiá",11665030,Caraguatatuba,SP
55,Fórum Carapicuíba I - (Des. Coaracy Lacerda Madureira),(11) 4506-1792,Não Informado,carapicuibaadm@tjsp.jus.br,Osasco,7,Entrância Final,Carapicuíba,20.58,110V,"Avenida Des. Eduardo Cunha de Abreu , 215 - Vila Municipal",06328-330,Carapicuíba,SP
56,Fórum Cardoso,(17) 3453-1002,Não Informado,cardosoadm@tjsp.jus.br,Votuporanga,1,Entrância Inicial,Cardoso,512.8,110V,"Rua Urias de Paula e Silva , 1351 - Jd Gouvêa",15570-000,Cardoso,SP
57,Fórum Casa Branca,(19) 2160-1104,Não Informado,casabrancaadm@tjsp.jus.br,Casa Branca,3,Entrância Intermediária,Casa Branca,202.58,110V,"Praça Ministro Costa Manso , 78 - Centro",13700-035,Casa Branca,SP
58,"Fórum ""Dr. Renato Bueno Netto""",(17) 3311-4400,Não Informado,catanduvaadm@tjsp.jus.br,Catanduva,7,Entrância Final,Catanduva,359.94,220V,"Parque da Américas , 55 - Centro",15800-032,Catanduva,SP
59,Fórum Cerqueira César,(14) 2174-1151,Não Informado,cerqcesaradm@tjsp.jus.br,Avaré,3,Entrância Inicial,Cerqueira César,264.58,110V,"Rua Olimpio Pavan , 355 - Centro",18760015,Cerqueira César,SP
60,Fórum Desembargador Dirceu Rocha Lima,(15) 3415-3961,(15) 3415-3962,cerquilhoadm@tjsp.jus.br,Piracicaba,1,Entrância Inicial,Cerquilho,120.85,110V,"Avenida Washington Luiz , 2.501 - Chave Barros",18523-480,Cerquilho,SP
61,Fórum Chavantes,(14) 3342-9917,Não Informado,chavantesadm@tjsp.jus.br,Ourinhos,1,Entrância Inicial,Chavantes,318.89,220V,"Avenida Governador Adhemar Pereira de Barros , 1007 - Chavantes Novo",18970-284,Chavantes,SP
62,Fórum Colina - Desembargador Alcides Faro,(17) 2141-1203,Não Informado,colinaadm@tjsp.jus.br,Barretos,2,Entrância Inicial,Colina,371.28,110V,"Rua Nestor Silveira Guimarães , 45 - CECAP",14770-000,Colina,SP
63,Fórum I Conchal,(19) 3866-9902,Não Informado,conchaladm@tjsp.jus.br,Mogi Mirim,1,Entrância Inicial,Conchal,146.17,110V,"Rua XV de Novembro , 449 - Centro",13835-000,Conchal,SP
64,Fórum Conchas V [Desativado],(14) 3845-1023,Não Informado,Não Informado,Não Informado,0,Não Informado,Não Informado,,Não Informado,"Rua Goiás , 521 - Centro",18570-000,Conchas,SP
65,Fórum Cordeirópolis,(19) 3556-6604,(19) 3546-2500,Não Informado,Limeira,6,Entrância Inicial,Cordeirópolis,145.29,110V,"Rua Sete de Setembro , 350/376 - Centro",13490-000,Cordeirópolis,SP
66,Desembargador Rubens Andrade de Noronha,(19) 3204-1155,Não Informado,cosmopolisadm@tjsp.jus.br,Campinas,3,Entrância Inicial,Cosmópolis,115.49,110V,"R. RAMOS DE AZEVEDO , 365 - Centro",13150-025,Cosmópolis,SP
67,Fórum Cotia I - Theodomiro Dias,(11) 4506-1233,Não Informado,cotiaadm@tjsp.jus.br,Itapecerica da Serra,6,Entrância Intermediária,Cotia,29.5,110V,"Rua Topázio , 585 - Jardim nomura",06717-235,Cotia,SP
68,Fórum I Cravinhos,(16) 2122-1056,Não Informado,cravinhosadm@tjsp.jus.br,Ribeirão Preto,3,Entrância Inicial,Cravinhos,269.98,110V,"Avenida Fagundes , 29 - centro",14140091,Cravinhos,SP
69,Fórum I Cruzeiro,(12) 2122-6822,Não Informado,cruzeiroadm@tjsp.jus.br,Guaratinguetá,3,Entrância Intermediária,Cruzeiro,202.42,110V,"Rua Francisco Marzano , 100 - Vila Celestina",12710-900,Cruzeiro,SP
70,Fórum Cubatão - I,(13) 3325-6716,Não Informado,cubataoadm@tjsp.jus.br,Santos,4,Entrância Intermediária,Cubatão,44.16,220V,"Avenida Joaquim Miguel Couto , 320 - Jd. São Francisco",11500-005,Cubatão,SP
71,Fórum I Cunha (Desembargador Hildebrando Dantas de Freitas),(12) 2138-3953,(12) 2138-3953,cunhaspadm@tjsp.jus.br,Guaratinguetá,1,Entrância Inicial,Cunha,179.07,110V,"Praça Doutor Prudente Guimarães , 12 - Centro",12530-000,Cunha,SP
72,FÓRUM DA COMARCA DE DESCALVADO,(19) 2145-9001,Não Informado,descalvadoadm@tjsp.jus.br,São Carlos,2,Entrância Inicial,Descalvado,208.75,220V,"Praça Dr. Luciano Esteves , s/n - Centro",13690-000,Descalvado,SP
73,Fórum Diadema - Criminal,(11) 2763-8688,Não Informado,diademaadm@tjsp.jus.br,São Bernardo do Campo,4,Entrância Final,Diadema,15.4,110V,"Avenida Sete de Setembro , 399 - Vila Conceição",09912-010,Diadema,SP
74,Fórum Dois Córregos,(14) 3632-9011,Não Informado,doiscorregosadm@tjsp.jus.br,Jaú,1,Entrância Inicial,Dois Córregos,221.7,110V,"Praça Francisco Simões , 142 - Centro",17300-055,Dois Córregos,SP
75,Fórum Dracena I - (Principal),(18) 2137-1401,Não Informado,dracenaadm@tjsp.jus.br,Dracena,4,Entrância Intermediária,Dracena,552.86,110V,"Rua Bolívia , 137 - Jd América",17911-250,Dracena,SP
76,Fórum da Comarca de Duartina (Prof. Dr. Silvio Marques Junior),(14) 3282-8801,Não Informado,duartinaadm@tjsp.jus.br,Bauru,2,Entrância Inicial,Duartina,310.12,110V,"Rua Sete de Setembro , 486 - centro",17470-015,Duartina,SP
77,Fórum Eldorado Paulista I,(13) 3871-7406,Não Informado,eldoradoadm@tjsp.jus.br,Registro,0,Entrância Inicial,Eldorado,184.46,110V,"Rua Professor Francisco Canto , 14 - Centro",11960-000,Eldorado,SP
78,Fórum Desembargador Gilberto Valente da Silva - Comarca de Embu das Artes,(11) 4506-1838,Não Informado,embuadm@tjsp.jus.br,Itapecerica da Serra,6,Entrância Final,Embu das Artes,24.71,110V,"Av. Vereador Jorge de Souza , 855 - Tingidor",06803270,Embu das Artes,SP
79,Fórum Embu-Guaçu,(11) 4506-1346,Não Informado,embuguacuadm@tjsp.jus.br,Itapecerica da Serra,1,Entrância Intermediária,Embu-Guaçu,36.26,220V,"Rua Boa Vista , 10 - Centro",06900-000,Embu-Guaçu,SP
80,Fórum Espírito Santo do Pinhal I,(19) 2157-1356,Não Informado,pinhaladm@tjsp.jus.br,São João da Boa Vista,2,Entrância Inicial,Espírito Santo do Pinhal,151.27,110V,"Avenida 9 de Julho , 90 - Centro",13990-000,Espírito Santo do Pinhal,SP
81,Fórum Estrela D'Oeste,(17) 3833-9601,Não Informado,estreladoesteadm@tjsp.jus.br,Fernandópolis,2,Entrância Inicial,Estrela dOeste,531.18,220V,"Rua Minas Gerais , s/n - centro",15650-037,Estrela dOeste,SP
82,Fórum Desembargador Edmond Acar,(14) 3308-9978,Não Informado,farturaadm@tjsp.jus.br,Avaré,1,Entrância Inicial,Fartura,293.66,110V,"Rua Anacleto Gonçalves Neves , 250 - Centro",18870-007,Fartura,SP
83,Fórum Fernandópolis I,Não Informado,Não Informado,fernandopolisadm@tjsp.jus.br,Fernandópolis,8,Entrância Final,Fernandópolis,519.93,110V,"Avenida Raul Gonçalves Júnior , 850 - Jardim Santa Rita",15610-000,Fernandópolis,SP
84,"Fórum de Ferraz de Vasconcelos ""Desembargador Ruy Toledo de Assumpção""",(11) 4506-1454,Não Informado,ferrazadm@tjsp.jus.br,Mogi das Cruzes,3,Entrância Final,Ferraz de Vasconcelos,27.23,110V,"Av. Santos Dumont , 1.535 - Jardim Vista Alegre",08531-100,Ferraz de Vasconcelos,SP
86,Fórum Francisco Morato I - Vanderlei Aparecido Borges,(11) 4506-1531,Não Informado,francmoratoadm@tjsp.jus.br,Jundiaí,3,Entrância Final,Francisco Morato,31.6,110V,"Rua João Mendes Júnior , 626 - Jardim Professor Francisco Morato",07910-220,Francisco Morato,SP
87,Fórum Franco da Rocha,(11) 4322-9438,Não Informado,francorochaadm@tjsp.jus.br,Jundiaí,5,Entrância Intermediária,Franco da Rocha,26.79,110V,"Praça Ministro Nelson Hungria , 01 - Centro",07850-900,Franco da Rocha,SP
88,Comarca de Gália,(14) 3274-9801,Não Informado,galiaadm@tjsp.jus.br,Marília,1,Entrância Inicial,Gália,329.8,110V,"Avenida São José , 431 - Centro",17450-001,Gália,SP
89,Fórum I Garça,(14) 3588-1901,Não Informado,garcaadm@tjsp.jus.br,Marília,3,Entrância Inicial,Garça,343.22,110V,"Praça Doutor Martino Funchal de Barros , 50 - Willians",17402-059,Garça,SP
90,Fórum General Salgado (ARGYMIRO ACAYABA DE TOLEDO),(17) 3461-3807,Não Informado,Não Informado,Fernandópolis,1,Entrância Inicial,General Salgado,501.19,220V,"Rua Azílio Antonio do Prado , 991 - centro",15300-000,General Salgado,SP
91,Fórum Getulina I - (Principal),(14) 2185-5108,Não Informado,getulinaadm@tjsp.jus.br,Lins,1,Entrância Inicial,Getulina,389.8,110V,"Rua Doutor Carlos de Campos , 660 - Centro",16450-000,Getulina,SP
92,Fórum da Comarca de Guaíra I,(17) 3017-1511,(17) 3017-1504,guairaadm@tjsp.jus.br,Barretos,2,Entrância Inicial,Guaíra,398.52,110V,"Avenida 17 , 414 - Centro",14790-000,Guaíra,SP
93,Fórum Guará - Desembargador Valentim Alves da Silva,(11) 3249-5302,Não Informado,guaraadm@tjsp.jus.br,Ituverava,1,Entrância Inicial,Guará,367.89,110V,"Rua Carlos de Campos , 260 - Centro",14580-000,Guará,SP
94,Fórum I Guararapes,(18) 3606-8506,Não Informado,guararapesadm@tjsp.jus.br,Araçatuba,2,Entrância Inicial,Guararapes,484.03,110V,"Rua Luiz Lincoln de Oliveira , s/n - Centro",16700-000,Guararapes,SP
95,Fórum I Guararema - (Dr. Francisco Xavier Moretz Sohm),(11) 2838-7659,Não Informado,guararemaadm@tjsp.jus.br,Mogi das Cruzes,1,Entrância Inicial,Guararema,63.05,220V,"Rua Expedicionário Brasílio Pinto de Almeida , 42 - Centro",08900-000,Guararema,SP
96,Fórum Guaratinguetá I (Principal),Não Informado,Não Informado,irana@tjsp.jus.br,Guaratinguetá,0,Entrância Final,Guaratinguetá,168.46,110V,"Av. Dr. Ariberto Pereira da Cunha , 280 - Alberto Byington",12516-410,Guaratinguetá,SP
97,"Fórum da Comarca de Guariba ""Desembargador Humberto Andrade Junqueira""",(16) 3231-8452,Não Informado,guaribaadm@tjsp.jus.br,Jaboticabal,2,Entrância Inicial,Guariba,293.16,110V,"Rua Feres Sadalla , 761 - Centro",14840-000,Guariba,SP
98,Fórum Guarujá I -  CÍVEL/CRIMINAL,(13) 3346-4829,Não Informado,guarujaadm@tjsp.jus.br,Santos,7,Entrância Final,Guarujá,62.8,110V,"Rua Silvio Daige , 280 - Enseada",11440550,Guarujá,SP
100,Fórum Guarulhos I - (Fórum Criminal - Dr. Murilo Matos Faria),Não Informado,Não Informado,guarulhosadm@tjsp.jus.br,Guarulhos,11,Entrância Final,Guarulhos,14.13,110V,"Rua José Maurício , 103 - Centro",07011-060,Guarulhos,SP
101,FÓRUM DA COMARCA DE HORTOLÂNDIA,(19) 3309-4769,(19) 3309-4767,hortolandiaadm@tjsp.jus.br,Americana,7,Entrância Final,Hortolândia,97.2,110V,"RUA ÍMOLA , 75 - JARDIM RESIDENCIAL FIRENZE",13189-212,Hortolândia,SP
102,COMARCA DE IACANGA,(14) 3294-9802,Não Informado,iacangaadm@tjsp.jus.br,Araraquara,1,Entrância Inicial,Iacanga,306.62,110V,"Rua Padre Jorge Mattar , 150 - Centro",17180-041,Iacanga,SP
103,Fórum Ibaté,Não Informado,Não Informado,ibateadm@tjsp.jus.br,São Carlos,1,Entrância Inicial,Ibaté,225.49,220V,"Rua Albano Buzo , 367 - Jd. Mariana",14817-012,Ibaté,SP
104,"Fórum ""Dr. Aderson Perdigão Nogueira""",(16) 3352-1803,(16) 99999-9999,ibitingaadm@tjsp.jus.br,Araraquara,3,Entrância Intermediária,Ibitinga,300.4,110V,"Rua Prudente de Moraes , 570 - Centro",14940-103,Ibitinga,SP
105,Fórum Ibiúna I - (Principal),(15) 3416-2801,Não Informado,ibiunaadm@tjsp.jus.br,Sorocaba,2,Entrância Intermediária,Ibiúna,61.0,110V,"Praça Monsenhor Antonio Pepe , 2 - Centro",18150-000,Ibiúna,SP
106,Fórum Iepê I,(18) 3264-9908,Não Informado,iepeadm@tjsp.jus.br,Presidente Prudente,1,Entrância Inicial,Iepê,464.65,220V,"Rua Minas Gerais , 343 - Centro",19640-000,Iepê,SP
107,"Fórum ""David Pimentel""",(16) 3173-9801,Não Informado,igarapavaadm@tjsp.jus.br,Ituverava,1,Entrância Inicial,Igarapava,406.77,110V,"Rua Capitão Antonio Augusto Maciel , 130 - centro",14540-000,Igarapava,SP
108,Fórum Iguape  (Destivado),Não Informado,Não Informado,Não Informado,Não Informado,0,Não Informado,Não Informado,,Não Informado,"Rua Nove de Julho , 122 - CENTRO",11920-000,Iguape,SP
109,Fórum Iguape I,(13) 3848-5407,Não Informado,Não Informado,Registro,2,Entrância Inicial,Iguape,159.16,110V,"Rua dos Estudantes , 106 - CENTRO",11920-000,Iguape,SP
110,Fórum da Comarca de Ilha Solteira,(18) 2124-1123,Não Informado,ilhasolteiraadm@tjsp.jus.br,Andradina,3,Entrância Inicial,Ilha Solteira,596.13,110V,"Av. Brasil Norte , 1.680 - Zona Norte",15385-136,Ilha Solteira,SP
111,Fórum Dr. Manoel Pedro Pimentel,(12) 2147-1259,Não Informado,jlvieira@tjsp.jus.br,Caraguatatuba,2,Entrância Inicial,Ilhabela,132.64,110V,"Rua Benedito dos Anjos Sampaio , 29 - Barra Velha",11630-091,Ilhabela,SP
112,Fórum Indaiatuba I - (Principal),(19) 3309-2727,Não Informado,indaiatubaadm@tjsp.jus.br,Itu,9,Entrância Final,Indaiatuba,78.26,220V,"Rua Ademar de Barros , 774 - Centro",13330-901,Indaiatuba,SP
113,Fórum Ipaussu I,(14) 3345-8605,Não Informado,Não Informado,Não Informado,0,Não Informado,Não Informado,,Não Informado,"Praça Doutor Breno Noronha , 374 - centro",18950-024,Ipaussu,SP
114,Fórum Ipuã,(16) 2162-1201,Não Informado,ipuaadm@tjsp.jus.br,Ituverava,1,Entrância Inicial,Ipuã,373.76,110V,"Avenida Carlos Fernandes , 320 - Centro",14610-000,Ipuã,SP
115,Fórum I Itaberá,Não Informado,Não Informado,itaberaadm@tjsp.jus.br,Itapeva,1,Entrância Inicial,Itaberá,257.0,110V,"Rua Coronel José Pedro de Lima , 266 - Centro",18440-000,Itaberá,SP
116,Fórum Itaí,(14) 3761-9901,Não Informado,Não Informado,Avaré,2,Entrância Inicial,Itaí,250.78,110V,"Praça da Colonização Japonesa , 220 - V. Florentino Dognani",18730-000,Itaí,SP
117,FORO DA COMARCA DE ITAJOBI,(17) 3546-9701,Não Informado,itajobiadm@tjsp.jus.br,Catanduva,2,Entrância Inicial,Itajobi,351.03,220V,"Rua Said Farhat , 100 - Centro",15840-031,Itajobi,SP
118,Fórum Itanhaém - Desembargador Nelson Pinheiro Franco,Não Informado,Não Informado,itanhaemadm@tjsp.jus.br,Itanhaém,4,Entrância Final,Itanhaém,72.3,220V,"Avenida Rui Barbosa , 867 - Centro",11740-000,Itanhaém,SP
119,Fórum I Itapecerica da Serra,(11) 4635-5802,Não Informado,itapecericaadm@tjsp.jus.br,Itapecerica da Serra,4,Entrância Final,Itapecerica da Serra,28.7,110V,"Rua Major Matheus Rotger Domingues , 155 - Centro",06850-850,Itapecerica da Serra,SP
120,Fórum Itapetininga I - (Desembargador Bernardes Júnior),(15) 3511-2920,Não Informado,itapetiningaadm@tjsp.jus.br,Itapetininga,6,Entrância Final,Itapetininga,144.49,220V,"Praça Três Poderes , s/n - Jd. Marabá",18213-540,Itapetininga,SP
121,Fórum Itapeva I - Desembargador Euclides de Campos,Não Informado,Não Informado,itapevaadm@tjsp.jus.br,Itapeva,5,Entrância Final,Itapeva,232.99,110V,"Avenida Dona Paulina de Morais , 444 - Vila Ophélia",18400-818,Itapeva,SP
122,Fórum Itapevi,(11) 4322-9341,Não Informado,itapeviadm@tjsp.jus.br,Itapecerica da Serra,7,Entrância Final,Itapevi,30.37,110V,"Rua Vereador Dr. Cid Manoel de Oliveira , 405 - Jd. Santa Rita",06660-280,Itapevi,SP
123,Fórum I Itapira,(19) 2149-1626,Não Informado,itapiraadm@tjsp.jus.br,Mogi Mirim,3,Entrância Intermediária,Itapira,125.1,110V,"Praça Coronel Souza Ferreira , s/n - Centro",13970-906,Itapira,SP
124,Fórum I da Comarca de Itápolis,(16) 3273-9359,Não Informado,itapolisadm@tjsp.jus.br,Araraquara,2,Entrância Inicial,Itápolis,311.54,110V,"Avenida dos Amaros , 800 - Centro",14900-223,Itápolis,SP
125,Fórum Itaporanga- DESEMBARGADOR PLÍNIO DE CARVALHO PINTO,Não Informado,(15) 3565-9417,itaporangaadm@tjsp.jus.br,Itapeva,1,Entrância Inicial,Itaporanga,291.27,220V,"Avenida Santa Cruz , 59 - Centro",18480-000,Itaporanga,SP
126,Fórum Itararé (Dr. Antônio José Luciano Vieira),(15) 3532-8515,Não Informado,itarareadm@tjsp.jus.br,Itapeva,3,Entrância Inicial,Itararé,282.25,220V,"Rua Frei Caneca , 982 - Vila Jurandir",18460-164,Itararé,SP
127,Fórum Itariri,(13) 3418-7550,Não Informado,itaririadm@tjsp.jus.br,Itanhaém,1,Entrância Inicial,Itariri,98.89,110V,"Rua Engº José Claret de Toledo Goulart , 41 - Centro",11760-000,Itariri,SP
128,Fórum da Comarca de Itatiba,(11) 2299-1203,Não Informado,itatibaadm@tjsp.jus.br,Jundiaí,2,Entrância Intermediária,Itatiba,63.73,220V,"Avenida Barão de Itapema , 181 - Centro",13250-902,Itatiba,SP
129,Fórum de Itatinga,(14) 3848-9710,Não Informado,itatingaadm@tjsp.jus.br,Botucatu,1,Entrância Inicial,Itatinga,208.15,110V,"Rua Major Prado , 405 - Centro",18690-000,Itatinga,SP
130,Desembargador Lafayette Salles Júnior,Não Informado,Não Informado,Não Informado,Rio Claro,1,Entrância Inicial,Itirapina,188.45,110V,"Rua 1 , 180 - Centro",13530-000,Itirapina,SP
131,Forum Juiz Antonio de Souza Barros,(11) 2550-5371,Não Informado,ituadm@tjsp.jus.br,Itu,7,Entrância Final,Itu,74.66,110V,"Rua Luiz Bolognesi , s/n - Brasil",13301-900,Itu,SP
132,Fórum Ituverava,(16) 2165-9001,Não Informado,ituveravaadm@tjsp.jus.br,Ituverava,4,Entrância Intermediária,Ituverava,375.83,110V,"Avenida Anhanguera , 778 - Cidade Universitária",14500-000,Ituverava,SP
133,Fórum da Comarca de Jaboticabal “Dr. Joaquim Antônio de Oliveira Neves”,(16) 2141-9101,Não Informado,jaboticabaladm@tjsp.jus.br,Jaboticabal,5,Entrância Final,Jaboticabal,308.28,110V,"Praça do Café , 300 - Aparecida",14870-901,Jaboticabal,SP
134,Fórum Jacareí I - (Armando Salles de Oliveira),(12) 2127-8901,Não Informado,jacareiadm@tjsp.jus.br,São José dos Campos,8,Entrância Final,Jacareí,73.5,110V,"Praça dos Três Poderes , s/n - Centro",12327-902,Jacareí,SP
135,Fórum Jacupiranga I,Não Informado,Não Informado,jacupirangaadm@tjsp.jus.br,Registro,2,Entrância Inicial,Jacupiranga,188.21,220V,"Avenida Presidente Kennedy , 299 - Centro",11940-000,Jacupiranga,SP
136,Fórum I Jaguariúna (Prédio Principal),(19) 3311-1762,(19) 3311-1764,jaguariunaadm@tjsp.jus.br,Amparo,2,Entrância Intermediária,Jaguariúna,100.23,110V,"Rua Santo Antônio de Posse , 259 - Jd. Dom Bosco (Loteamento Prefeitura)",13911-016,Jaguariúna,SP
137,"FÓRUM ""DR. JOVIANO PACHECO AGUIRRE"" - JALES",(17) 2145-9126,Não Informado,jalesadm@tjsp.jus.br,Jales,5,Entrância Final,Jales,543.64,110V,"Rua Nove , 2.231 - Centro",15700-018,Jales,SP
138,Fórum de Jandira Des. CID NORBERTO VIEIRA DE SOUZA,(11) 2838-7514,Não Informado,jandiraadm@tjsp.jus.br,Osasco,4,Entrância Intermediária,Jandira,27.31,110V,"Avenida José Pedro , 401 - JD. SÃO LUIZ",06618005,Jandira,SP
139,Fórum Jardinópolis I,(16) 2166-9001,Não Informado,jardinopolisadm@tjsp.jus.br,Ribeirão Preto,5,Entrância Inicial,Jardinópolis,304.3,110V,"Praça Doutor Mário Lins , s/n - centro",14680-000,Jardinópolis,SP
140,"Fórum ""Desembargador Antonio Joaquim de Oliveira""",(11) 2838-7903,(11) 2838-7908,jarinuadm@tjsp.jus.br,Bragança Paulista,1,Entrância Inicial,Jarinu,50.58,110V,"Avenida Dr. Antenor Soares Gandra , 465 - Jardim da Saúde",13240-045,Jarinu,SP
141,Fórum Jaú I - Antonio Hermógenes Altenfelder Silva,(14) 3411-1661,Não Informado,jauadm@tjsp.jus.br,Jaú,7,Entrância Intermediária,Jaú,241.08,110V,"Avenida Rodolpho Magnani , s/n - Centro",17210-100,Jaú,SP
142,Fórum José Bonifácio [Desativado],(17) 3245-1390,Não Informado,Não Informado,Não Informado,0,Não Informado,Não Informado,,Não Informado,"Av. Antonio Gonçalves da Silva , 1276 - centro",15200-000,José Bonifácio,SP
143,Fórum Jundiaí I - (Principal),(11) 2136-6210,Não Informado,jundiaiadm@tjsp.jus.br,Jundiaí,14,Entrância Final,Jundiaí,47.55,220V,"Largo São Bento , s/nº - Centro",13201-035,Jundiaí,SP
144,Fórum Junqueirópolis,(18) 3841-8640,Não Informado,junqueiropolisadm@tjsp.jus.br,Dracena,1,Entrância Inicial,Junqueirópolis,542.09,110V,"Rua Porto Alegre , 1230 - Centro",17890-017,Junqueirópolis,SP
145,Fórum Juquiá,(13) 3844-6808,Não Informado,juquiaadm@tjsp.jus.br,Registro,1,Entrância Inicial,Juquiá,133.02,110V,"Rua Major Martins Coelho , 439 - Centro",11800-000,Juquiá,SP
146,Fórum Deputado José Costa,(15) 3383-8654,(15) 3383-8654,laranjaladm@tjsp.jus.br,Piracicaba,1,Entrância Inicial,Laranjal Paulista,134.57,110V,"Avenida Prefeito Hermelindo Pillon , s/n - Jardim Elite",18506-020,Laranjal Paulista,SP
147,Fórum Dr Oscar Ulson,(19) 2133-9015,Não Informado,lemeadm@tjsp.jus.br,Pirassununga,5,Entrância Intermediária,Leme,170.0,220V,"Rua Bernardino de Campos , 770 - Centro",13610-901,Leme,SP
148,Fórum Lençóis Paulista I - (Octávio Pinheiro Brizola),(14) 3721-2068,Não Informado,lencoisadm@tjsp.jus.br,Bauru,4,Entrância Intermediária,Lençóis Paulista,245.22,110V,"Avenida Padre Salústio Rodrigues Machado , 599 - Jardim Ubirama",18683-471,Lençóis Paulista,SP
149,FORUM DA COMARCA DE LIMEIRA I (CÍVEL),Não Informado,(19) 2113-3051,limeiraadm@tjsp.jus.br,Limeira,2,Entrância Final,Limeira,134.49,110V,"VIA ANTONIO CRUÃNES FILHO , 300 - JD STA CECILIA",13480-672,Limeira,SP
150,Fórum Lins I,(14) 3511-1540,Não Informado,linsadm@tjsp.jus.br,Lins,7,Entrância Final,Lins,380.62,220V,"Rua Gil Pimentel Moura , 51 - Jd. Americano",16400-920,Lins,SP
151,Fórum Lorena,(12) 2124-1901,Não Informado,lorenaadm@tjsp.jus.br,Guaratinguetá,4,Entrância Intermediária,Lorena,179.22,110V,"Rua Doutor Epitácio Santiago , 99 - Centro",12600-530,Lorena,SP
152,Fórum Lucélia,(18) 3551-9420,Não Informado,luceliaadm@tjsp.jus.br,Tupã,2,Entrância Inicial,Lucélia,493.56,110V,"Praça José Firpo , s/nº - Centro",17780-068,Lucélia,SP
153,Fórum Desembargador José Gonçalves Sobrinho,(14) 3298-9613,Não Informado,macatubaadm@tjsp.jus.br,Jaú,1,Entrância Inicial,Macatuba,242.1,110V,"Rua Sergipe , 1-36 - Jd. Panorama",17290-326,Macatuba,SP
154,Fórum Macaubal I,(17) 3874-1908,Não Informado,macaubaladm@tjsp.jus.br,São José do Rio Preto,1,Entrância Inicial,Macaubal,458.62,220V,"Rua Sebastião Dib , 668 - Centro",15270-000,Macaubal,SP
155,Fórum Mairinque,(11) 2118-6020,Não Informado,mairinqueadm@tjsp.jus.br,Sorocaba,2,Entrância Intermediária,Mairinque,55.76,110V,"Avenida Doutor Gaspar Ricardo Jr. , 185 - Centro",18120-000,Mairinque,SP
156,Fórum Mairiporã,(11) 2928-6951,Não Informado,mairiporaadm@tjsp.jus.br,Guarulhos,2,Entrância Inicial,Mairiporã,25.95,220V,"Rua Doutor José Adriano Marrey Jr. , 780 - Jardim Galrão",07600-225,Mairiporã,SP
157,Fórum Desembargador Joaquim Bandeira de Mello,(18) 3371-8601,(18) 3371-8603,maracaiadm@tjsp.jus.br,Assis,1,Entrância Inicial,Maracaí,425.27,220V,"Avenida São Paulo , 440 - Centro",19840-011,Maracaí,SP
158,Fórum Marília I,(14) 3311-1143,Não Informado,mariliaadm@tjsp.jus.br,Marília,14,Entrância Final,Marília,370.08,220V,"Rua Lourival Freire , 120 - Fragata",17519-902,Marília,SP
159,Fórum Martinópolis,(18) 3275-9801,Não Informado,martinopolisadm@tjsp.jus.br,Presidente Prudente,3,Entrância Inicial,Martinópolis,490.1,220V,"Rua José Henrique de Mello , 158 - Centro",19500-037,Martinópolis,SP
160,Matão (Desativado),(16) 3382-1113,Não Informado,Não Informado,Não Informado,0,Não Informado,Não Informado,,Não Informado,"Avenida 7 de Setembro , 856 - Centro",15990-160,Matão,SP
161,Fórum Mauá I - (Principal),Não Informado,Não Informado,mauaadm@tjsp.jus.br,Santo André,6,Entrância Final,Mauá,22.27,220V,"Avenida João Ramalho , 111 - Centro",09371-901,Mauá,SP
162,Fórum de Miguelópolis,(16) 3835-2249,(16) 3835-2122,miguelopolisadm@tjsp.jus.br,Ituverava,1,Entrância Inicial,Miguelópolis,401.33,220V,"Rua Pedro Cristino da Silva , 1005 - Centro",14530-000,Miguelópolis,SP
163,Fórum Isidoro de Jesus Leite,(13) 3847-6909,Não Informado,miracatuadm@tjsp.jus.br,Registro,2,Entrância Inicial,Miracatu,116.86,110V,"Avenida Dona Evarista de Castro Ferreira , 50 - Centro",11850-000,Miracatu,SP
164,Fórum Mirandópolis,(18) 2175-5952,Não Informado,mirandopolisadm@tjsp.jus.br,Andradina,3,Entrância Inicial,Mirandópolis,531.92,220V,"Rua Adelino Minari , 726 - Centro",16800-000,Mirandópolis,SP
165,Fórum I Mirante do Paranapanema,(18) 3991-9201,(18) 3991-9201,miranteadm@tjsp.jus.br,Presidente Venceslau,3,Entrância Inicial,Mirante do Paranapanema,557.44,220V,"Rua Maria Lucia Rodrigues de Almeida , 455 - Centro",19260-000,Mirante do Paranapanema,SP
166,Fórum de Mirassol I,Não Informado,Não Informado,mirassoladm@tjsp.jus.br,São José do Rio Preto,4,Entrância Intermediária,Mirassol,424.59,110V,"Rua Floriano Peixoto , 17-50 - Centro",15130-007,Mirassol,SP
167,Fórum Mococa - João Gomes Barrreto Filho,(19) 2172-9005,Não Informado,mococaadm@tjsp.jus.br,Casa Branca,3,Entrância Intermediária,Mococa,234.36,110V,"Avenida Doutor Gabriel do Ó , 1203 - Cohab I",13732-620,Mococa,SP
168,Fórum de Mogi das Cruzes (Brás Cubas) - desativado,(11) 4727-6104,Não Informado,Não Informado,Não Informado,0,Não Informado,Não Informado,,Não Informado,"Rua Francisco Afonso de Melo , 550 - Brás Cubas",08740-310,Mogi das Cruzes,SP
169,"Fórum I Leôncio Arouche de Toledo (Cível, V. Infância e Juventude, JEC e JECRIM)",(11) 2823-8206,Não Informado,mogicruzesadm@tjsp.jus.br,Mogi das Cruzes,0,Entrância Final,Mogi das Cruzes,45.75,220V,"Avenida Cândido Xavier de Almeida Souza , 159 - Vila Partênio",08780-912,Mogi das Cruzes,SP
170,Fórum Mogi Guaçu I,(19) 3019-2754,Não Informado,mojiguacuadm@tjsp.jus.br,Mogi Mirim,5,Entrância Final,Mogi Guaçu,134.46,110V,"Rua José Colombo , 45 - Morro do Ouro",13840-065,Mogi Guaçu,SP
171,Fórum Mogi Mirim I (Principal),(19) 3022-7981,(19) 3022-7971,mojimirimadm@tjsp.jus.br,Mogi Mirim,6,Entrância Final,Mogi Mirim,128.39,110V,"Rua Coronel Venâncio Ferreira Alves Adorno , 60 - Saúde",13800-221,Mogi Mirim,SP
172,"Fórum ""Juiz Eleutério Dutra Filho"" - Mongaguá",(13) 3346-5206,(13) 3346-5226,mongaguaadm@tjsp.jus.br,Itanhaém,2,Entrância Inicial,Mongaguá,59.94,110V,"Avenida São Paulo , 300 - Vila São Paulo",11730-000,Mongaguá,SP
173,Fórum Monte Alto I,(16) 2145-5404,Não Informado,montealtoadm@tjsp.jus.br,Jaboticabal,2,Entrância Inicial,Monte Alto,318.14,110V,"Rua Dr. Raul da Rocha Medeiros , 1251 - Centro",15910-000,Monte Alto,SP
174,Fórum Monte Aprazível,Não Informado,Não Informado,monteapraziveladm@tjsp.jus.br,São José do Rio Preto,2,Entrância Inicial,Monte Aprazível,442.31,220V,"Rua Monteiro Lobato , 269 - Centro",15150-000,Monte Aprazível,SP
175,Fórum Desembargador Otávio Stucchi - Monte Azul Paulista -,(17) 3361-7622,Não Informado,monteazuladm@tjsp.jus.br,Barretos,1,Entrância Inicial,Monte Azul Paulista,358.9,110V,"Rua Floriano Peixoto , 515 - Centro",14730-000,Monte Azul Paulista,SP
176,Fórum Desembargador Antonio Garrigós Vinhaes,(19) 2141-2609,Não Informado,montemoradm@tjsp.jus.br,Piracicaba,3,Entrância Intermediária,Monte Mor,96.39,110V,"Rua João Carlos Gomes Carneiro , 12 - Jd. Guanabara",13190-664,Monte Mor,SP
177,Fórum Mário Masagão,(16) 3851-1855,(16) 3851-1880,morroagudoadm@tjsp.jus.br,Batatais,1,Entrância Inicial,Morro Agudo,345.76,110V,"Rua Basilio Otavio , 313 - Cj. Hab. José Benedetti",14640-000,Morro Agudo,SP
178,Fórum de Neves Paulista,Não Informado,Não Informado,Não Informado,São José do Rio Preto,2,Entrância Inicial,Neves Paulista,430.39,110V,"Rua Rui Barbosa , 100 - Centro",15120-061,Neves Paulista,SP
179,Fórum Nhandeara,(17) 3467-9703,Não Informado,nhandearaadm@tjsp.jus.br,Votuporanga,2,Entrância Inicial,Nhandeara,472.71,110V,"Rua Raul Cardoso de Souza, 197 , 197 - centro",15190-000,Nhandeara,SP
180,Fórum Nova Granada I - Principal,(17) 2186-5958,(17) 2186-5963,Não Informado,São José do Rio Preto,1,Entrância Inicial,Nova Granada,434.12,110V,"Avenida Doutor Hildeberto Albuquerque Ferreira , 1001 - Centro",15440-007,Nova Granada,SP
181,"FORUM ""DR WALDOMIRO DELFINO DE AMORIM LIMA""",(19) 3399-4103,Não Informado,novaodessaadm@tjsp.jus.br,Americana,2,Entrância Inicial,Nova Odessa,109.01,110V,"AV JOÃO PESSOA , 1270/1300 - BOSQUE DOS CEDROS",13380-094,Nova Odessa,SP
182,Fórum I Novo Horizonte,(17) 3543-9508,Não Informado,novohorizonteadm@tjsp.jus.br,Catanduva,2,Entrância Inicial,Novo Horizonte,352.11,220V,"Rua São Sebastião , 779 - Centro",14960-040,Novo Horizonte,SP
183,Fórum Nuporanga - (Des. Antonio Rodrigues Porto),(16) 3847-1104,(16) 3847-1104,nuporangaadm@tjsp.jus.br,Batatais,1,Entrância Inicial,Nuporanga,333.64,110V,"Avenida Padre Geraldo Trossel , 369 - centro",14670-000,Nuporanga,SP
184,Fórum Olímpia I - (Principal),(17) 2190-5051,Não Informado,olimpiaadm@tjsp.jus.br,Barretos,3,Entrância Intermediária,Olímpia,390.85,110V,"Rua Engenheiro Reid , 377 - Patrimônio de São João Batista",15400-091,Olímpia,SP
185,"Fórum "" Antonio de Quadros""",(16) 2174-6222,Não Informado,orlandiaadm@tjsp.jus.br,Batatais,2,Entrância Inicial,Orlândia,339.81,220V,"Praça Coronel Francisco Orlando , s/n - Centro",14620-000,Orlândia,SP
186,Fórum Osasco ( Principal),Não Informado,Não Informado,osascoadm@tjsp.jus.br,Osasco,16,Entrância Final,Osasco,15.99,110V,"Avenida das Flores , 703 - Jardim das Flores",06110-100,Osasco,SP
187,"Fórum ""Desembargador Márcio Munhoz""",(18) 3529-8451,Não Informado,osvaldocruzadm@tjsp.jus.br,Tupã,2,Entrância Inicial,Osvaldo Cruz,477.87,110V,"Avenida Estados Unidos , 480 - Jardim das Bandeiras",17700-000,Osvaldo Cruz,SP
188,Fórum I Ourinhos,(14) 3512-3005,Não Informado,ourinhosadm@tjsp.jus.br,Ourinhos,6,Entrância Final,Ourinhos,336.45,110V,"Rua dos Expedicionários , 1895 - Jardim Matilde",19902-610,Ourinhos,SP
189,Fórum Pacaembu,(18) 3862-9910,Não Informado,pacaembuadm@tjsp.jus.br,Dracena,0,Entrância Inicial,Pacaembu,523.7,110V,"Av. São João , 1361 - Guaraniúva",17860-000,Pacaembu,SP
190,"""Fórum: José Eduardo Coelho de Paula""",(17) 3293-9803,(17) 3293-9804,palestinaadm@tjsp.jus.br,São José do Rio Preto,1,Entrância Inicial,Palestina,454.36,110V,"Rua Capitão Faria , 1048 - Centro",15470-000,Palestina,SP
191,Fórum da Comarca de Palmeira d’Oeste,(17) 3651-9902,Não Informado,palmeiradoesteadm@tjsp.jus.br,Jales,1,Entrância Inicial,Palmeira d'Oeste,549.71,220V,"Rua XV de Novembro , 48-71 - centro",15720-029,Palmeira d'Oeste,SP
192,Fórum Dr. Ethayba Gilson Parahiba,(18) 2141-5151,Não Informado,palmitaladm@tjsp.jus.br,Assis,2,Entrância Inicial,Palmital,375.75,220V,"Avenida Reginalda Leão , 1500 - Centro",19970-050,Palmital,SP
193,Fórum I Panorama,(18) 3871-8651,(18) 3871-8663,panoramaadm@tjsp.jus.br,Dracena,3,Entrância Inicial,Panorama,589.49,220V,"Rua Manoel Fernandes da Cunha , 1308 - Centro",17980-000,Panorama,SP
194,Fórum Paraguaçu Paulista,(18) 3362-8331,(18) 3362-8332,paraguacuadm@tjsp.jus.br,Assis,0,Entrância Inicial,Paraguaçu Paulista,422.58,220V,"Avenida Siqueira Campos , 1429 - Vila Affini",19703-001,Paraguaçu Paulista,SP
195,Fórum Paraibuna - (Dr Getúlio Evaristo dos Santos),(12) 2138-2461,Não Informado,paraibunaadm@tjsp.jus.br,São José dos Campos,1,Entrância Inicial,Paraibuna,100.96,110V,"Rua Major João Elias Calazans , 565 - Centro",12260-000,Paraibuna,SP
196,Fórum da Comarca de Paranapanema,(14) 3713-9602,Não Informado,paranapanemaadm@tjsp.jus.br,Avaré,1,Entrância Inicial,Paranapanema,213.59,110V,"Rua Doutor Fortunato Martins de Camargo , 610 - centro",18720-057,Paranapanema,SP
197,Comarca de Pariquera-Açu,(13) 3856-9801,Não Informado,pariqueraadm@tjsp.jus.br,Registro,1,Entrância Inicial,Pariquera-Açu,181.1,110V,"Av. Doutor Fernando Costa , 215 - Centro",11930-000,Pariquera-Açu,SP
198,Fórum I Patrocínio Paulista,(16) 3145-9801,Não Informado,patrocinioadm@tjsp.jus.br,Franca,1,Entrância Inicial,Patrocínio Paulista,330.22,110V,"Praça Nossa Senhora do Patrocínio , 1118 - centro",14415-000,Patrocínio Paulista,SP
199,FORO DA COMARCA DE PAULÍNIA,(19) 3578-8635,Não Informado,pauliniaadm@tjsp.jus.br,Campinas,3,Entrância Intermediária,Paulínia,102.28,110V,"Praça Vinte e Oito de Fevereiro , 180 - Centro",13140-285,Paulínia,SP
200,"Fórum ""PROMOTOR GABRIEL NETTUZZI PEREZ""",(17) 3802-9402,Não Informado,paulofariaadm@tjsp.jus.br,São José do Rio Preto,2,Entrância Inicial,Paulo de Faria,483.03,110V,"Rua XV de Novembro , 809 - centro",15490-000,Paulo de Faria,SP
201,Fórum Pederneiras I,(14) 2212-8601,Não Informado,pederneirasadm@tjsp.jus.br,Jaú,2,Entrância Inicial,Pederneiras,256.21,110V,"Rua Belmiro Pereira , 367 - Centro",17280-061,Pederneiras,SP
202,FÓRUM DESEMBARGADOR DÍNIO DE SANTIS GARCIA,(16) 3171-9303,Não Informado,pedregulhoadm@tjsp.jus.br,Franca,1,Entrância Inicial,Pedregulho,376.07,110V,"Praça Padre Luís Sávio , s/n - centro",14470-000,Pedregulho,SP
203,Fórum Pedreira -Dr. Artur Moreira de Almeida,(19) 2151-1317,Não Informado,pedreiraadm@tjsp.jus.br,Amparo,3,Entrância Inicial,Pedreira,93.62,110V,"Rua Odavilso Uttembergue , 80 - Pq. Industrial",13920-284,Pedreira,SP
204,Fórum Penápolis I -,(18) 2191-6205,Não Informado,penapolisadm@tjsp.jus.br,Araçatuba,4,Entrância Intermediária,Penápolis,425.45,220V,"Praça Doutor Carlos Sampaio Filho , 190 - Centro",16300-000,Penápolis,SP
205,Fórum I Pereira Barreto,(18) 2192-1604,Não Informado,pereirabarretoadm@tjsp.jus.br,Andradina,3,Entrância Inicial,Pereira Barreto,563.01,110V,"Rua Francisca Senhorinha Carneiro , s/n - Vila Municipal",15371-274,Pereira Barreto,SP
206,Fórum Peruíbe,(13) 3346-9266,Não Informado,peruibeadm@tjsp.jus.br,Itanhaém,2,Entrância Inicial,Peruíbe,93.39,110V,"Rua Nilo Soares Ferreira , 185 - Centro",11750-000,Peruíbe,SP
207,FÓRUM DESEMBARGADOR OSWALDO PINTO DO AMARAL,(15) 2102-5902,(15) 2102-5902,Não Informado,Sorocaba,2,Entrância Inicial,Piedade,82.71,110V,"Praça Raul Gomes de Abreu , 73 - Centro",18170-000,Piedade,SP
208,Fórum Desembargador Renato Carlos Mascarenhas (Prédio Principal),(15) 3414-8759,Não Informado,pilardosuladm@tjsp.jus.br,Sorocaba,0,Entrância Inicial,Pilar do Sul,113.85,220V,"Praça Padre Luiz Trentini , 330 - Centro",18185-075,Pilar do Sul,SP
209,Fórum Juiz José Roberto Paim,Não Informado,Não Informado,pindaadm@tjsp.jus.br,Taubaté,4,Entrância Final,Pindamonhangaba,138.57,110V,"Rua Alcides Ramos Nogueira , nº 780 - Socorro",12421705,Pindamonhangaba,SP
210,Fórum Pinhalzinho,(11) 4322-9677,Não Informado,pinhalzinhoadm@tjsp.jus.br,Bragança Paulista,1,Entrância Inicial,Pinhalzinho,85.63,110V,"Rua Boa Esperança , 266 - Centro",12995-000,Pinhalzinho,SP
211,FORO DA COMARCA DE PIQUETE,(12) 2124-9951,Não Informado,piqueteadm@tjsp.jus.br,Guaratinguetá,1,Entrância Inicial,Piquete,181.9,110V,"Rua Professora Maria de Lourdes Brito Vilar , s/n - Centro",12620-000,Piquete,SP
212,Fórum Desembargador Joaquim Barbosa de Almeida,Não Informado,(11) 2838-7952,piracaiaadm@tjsp.jus.br,Bragança Paulista,2,Entrância Inicial,Piracaia,61.83,220V,"Rua Benedito Vieira da Silva , 300 - Centro",12970-000,Piracaia,SP
213,Fórum Piracicaba I - (Principal),(19) 3372-3013,Não Informado,piracicabaadm@tjsp.jus.br,Piracicaba,18,Entrância Final,Piracicaba,138.21,110V,"Rua Bernardino de Campos , 55 - Alemães",13417-901,Piracicaba,SP
214,Fórum Dr. Simão Eugênio de Oliveira Lima,(14) 3352-6721,Não Informado,pirajuadm@tjsp.jus.br,Ourinhos,3,Entrância Inicial,Piraju,283.22,110V,"Praça Joaquim Antonio Arruda , 126 - Centro",18800-049,Piraju,SP
215,Fórum Pirajuí  (Alexandre Delphino Amorim Lima),(14) 0000-0000,Não Informado,pirajuiadm@tjsp.jus.br,Bauru,3,Entrância Inicial,Pirajuí,336.6,110V,"Praça Doutor Pedro da Rocha Braga , 43 - Centro",16600-041,Pirajuí,SP
216,Dr. Antonio José Machado Dias,(18) 3259-8456,Não Informado,Não Informado,Presidente Prudente,2,Entrância Inicial,Pirapozinho,517.84,110V,"Rua Dr. Carlos Alberto Boulhosa , 525 - Jardim Dr. Wanderley Remelly",19202-154,Pirapozinho,SP
217,Fórum Pirassununga I - (Principal),(19) 2134-5720,(19) 3561-3197,pirassunungaadm@tjsp.jus.br,Pirassununga,3,Entrância Final,Pirassununga,190.63,110V,"Rua José Bonifácio , 70 - Centro",13631-062,Pirassununga,SP
218,Fórum Piratininga - (Arthur César da Silva Whitaker),(14) 2216-5956,Não Informado,piratiningaadm@tjsp.jus.br,Bauru,1,Entrância Inicial,Piratininga,285.24,220V,"Rua Doutor José Lisboa Jr. , 67 - Centro",17490058,Piratininga,SP
219,Fórum da Comarca de  Pitangueiras,(16) 3957-9601,(16) 3957-9601,pitangueirasadm@tjsp.jus.br,Jaboticabal,3,Entrância Inicial,Pitangueiras,326.07,110V,"Rua Doutor Euclides Zanini Caldas , 713 - Centro",14750-000,Pitangueiras,SP
220,Fórum da Comarca de Poá,(11) 2388-9431,Não Informado,poaadm@tjsp.jus.br,Mogi das Cruzes,4,Entrância Intermediária,Poá,29.75,110V,"Av. Nove de Julho , 478 - Centro",08557-100,Poá,SP
221,Fórum Dr. Antonio da Rocha Paes,(14) 3405-7902,Não Informado,pompeiaadm@tjsp.jus.br,Marília,2,Entrância Inicial,Pompéia,396.1,110V,"Rua Clementino José de Paula , 387 - Centro",17580-089,Pompéia,SP
222,"""JUIZ MANUEL CARLOS DE FIGUEIREDO FERRAZ FILHO""",(16) 2178-5301,(16) 2178-5307,Não Informado,Ribeirão Preto,2,Entrância Inicial,Pontal,315.59,110V,"Rua João dos Reis , 544 - centro",14180-000,Pontal,SP
223,Fórum Porangaba I,(15) 3257-9602,Não Informado,porangabaadm@tjsp.jus.br,Itapetininga,1,Entrância Inicial,Porangaba,157.51,220V,"Rua Vereador Braz Gica da Paz , 193 - Centro",18260-000,Porangaba,SP
224,Fórum Porto Feliz,Não Informado,Não Informado,portofelizadm@tjsp.jus.br,Itu,2,Entrância Inicial,Porto Feliz,97.9,220V,"Avenida José Maurino , 252 - Centro",18540-000,Porto Feliz,SP
225,Fórum Dr. Luiz Guilherme Wertheimer,(19) 2156-9102,Não Informado,portoferreiraadm@tjsp.jus.br,Pirassununga,3,Entrância Inicial,Porto Ferreira,207.25,220V,"Rua Doutor Carlindo Valeriani , 525 - Centro",13660-017,Porto Ferreira,SP
226,Fórum Potirendaba,(17) 3827-4515,Não Informado,potirendabaadm@tjsp.jus.br,São José do Rio Preto,2,Entrância Inicial,Potirendaba,396.33,110V,"Rua Pedro Siqueira , 1042 - Jardim do Bosque",15105-000,Potirendaba,SP
227,Fórum Praia Grande - (Dr. Guilherme Penteado Campos,Não Informado,Não Informado,praiagdeadm@tjsp.jus.br,Santos,13,Entrância Final,Praia Grande,56.17,110V,"Avenida Doutor Roberto de Almeida Vinhas , 9101 - Vila Mirim",11705-900,Praia Grande,SP
228,Fórum Presidente Epitácio,(18) 2146-1301,Não Informado,epitacioadm@tjsp.jus.br,Presidente Venceslau,3,Entrância Inicial,Presidente Epitácio,596.24,220V,"Avenida Pres. Vargas , 01-31 - centro",19470-041,Presidente Epitácio,SP
229,Fórum Ministro Pedro Lessa,(18) 2144-9001,(18) 2144-9001,bernardesadm@tjsp.jus.br,Presidente Prudente,1,Entrância Inicial,Presidente Bernardes,532.4,110V,"Rua Dr. Armando Falcone , s/n - Centro",19300-000,Presidente Bernardes,SP
230,Fórum Presidente Prudente - Francisco de Souza Nogueira,Não Informado,Não Informado,prudenteadm@tjsp.jus.br,Presidente Prudente,13,Entrância Final,Presidente Prudente,512.04,220V,"Avenida Coronel José Soares Marcondes , 2201 - Vila Comercial",19013-050,Presidente Prudente,SP
231,Fórum Presidente Venceslau - J.P.C. Cardoso,(18) 2145-1313,Não Informado,venceslauadm@tjsp.jus.br,Presidente Venceslau,3,Entrância Intermediária,Presidente Venceslau,565.55,110V,"Avenida Faustino Rodrigues Azenha , 1500 - Jd Europa",19400-117,Presidente Venceslau,SP
232,Fórum I de Promissão,Não Informado,Não Informado,promissaoadm@tjsp.jus.br,Lins,2,Entrância Inicial,Promissão,399.32,110V,"Avenida Rio Grande , 730 - Centro",16370-000,Promissão,SP
233,Fórum I da Comarca de Quatá,(18) 3366-1003,(18) 3366-1564,quataadm@tjsp.jus.br,Assis,1,Entrância Inicial,Quatá,440.43,220V,"Avenida Rui Barbosa , 844 - Centro",19780-000,Quatá,SP
234,Fórum Desembargador Ferreira França,(12) 2124-9911,Não Informado,queluzadm@tjsp.jus.br,Guaratinguetá,1,Entrância Inicial,Queluz,221.2,110V,"Praça Portugal , 174 - Centro",12800-000,Queluz,SP
235,Fórum Rancharia I (Desembargador Volney Correa Leite de Moraes Júnior),Não Informado,Não Informado,ranchariaadm@tjsp.jus.br,Presidente Prudente,2,Entrância Inicial,Rancharia,460.04,220V,"Rua Marcílio Dias , 615 - Centro",19600-035,Rancharia,SP
236,Fórum da Comarca de Regente Feijó I,(18) 3279-9501,Não Informado,regfeijoadm@tjsp.jus.br,Presidente Prudente,1,Entrância Inicial,Regente Feijó,500.29,110V,"Rua Carlos Beltrami , 10 - Portal do Sol",19570-000,Regente Feijó,SP
237,Fórum de Registro I (Dr. Cyro Camargo da Fonseca),(13) 2130-5922,Não Informado,registroadm@tjsp.jus.br,Registro,5,Entrância Final,Registro,161.17,110V,"Rua Jerônimo Monteiro Lopes , 93 - V. S. Francisco",11900-000,Registro,SP
238,Fórum I Ribeirão Bonito,(16) 3355-9701,Não Informado,ribeiraobonitoadm@tjsp.jus.br,São Carlos,1,Entrância Inicial,Ribeirão Bonito,228.1,220V,"Rua Governador Pedro de Toledo , 231 - Centro",13580-053,Ribeirão Bonito,SP
239,Fórum Ribeirão Pires I,(11) 2192-2414,Não Informado,ribeiraopiresadm@tjsp.jus.br,Santo André,3,Entrância Intermediária,Ribeirão Pires,29.06,220V,"Avenida Prefeito Valdirio Prisco , 150 - Centro",09400-005,Ribeirão Pires,SP
240,Tribunal de Justiça da Comarca de Ribeirão Preto - Prédio I,Não Informado,Não Informado,Não Informado,Ribeirão Preto,30,Entrância Final,Ribeirão Preto,289.85,220V,"Rua Alice Alem Saadi,1010 , 1010 - Nova Ribeirânia",14096-570,Ribeirão Preto,SP
241,Fórum Rio Claro I - (Central) - Desembargador Paulo Colombo Pereira de Queiroz,(19) 3531-6132,Não Informado,rioclaroadm@tjsp.jus.br,Rio Claro,6,Entrância Final,Rio Claro,157.95,110V,"Avenida 5 , 535 - Centro",13500-380,Rio Claro,SP
242,Fórum de Rio das Pedras,(19) 2174-1604,(19) 2174-1605,riodaspedrasadm@tjsp.jus.br,Piracicaba,1,Entrância Inicial,Rio das Pedras,126.38,110V,"Rua Prudente de Morais , 136 - Centro",13390-003,Rio das Pedras,SP
243,Fórum Rosana,(18) 2204-5051,(18) 0000-0000,rosanaspadm@tjsp.jus.br,Presidente Venceslau,1,Entrância Inicial,Rosana,665.78,220V,"Rua Curimbatá , 788/802 - Primavera",19274-000,Rosana,SP
244,JUIZ ALBERTO GENTIL DE ALMEIDA PEDROSO FILHO,(12) 3203-1606,Não Informado,roseiraadm@tjsp.jus.br,Guaratinguetá,2,Entrância Inicial,Roseira,154.01,110V,"Rua Dom Epaminondas , 54 - Centro",12580-000,Roseira,SP
245,Fórum Salesópolis (Juiz Messias José de Melo Souza),(11) 2838-7716,Não Informado,salesopolisadm@tjsp.jus.br,São José dos Campos,1,Entrância Inicial,Salesópolis,80.55,220V,"Rua Antonio Pereira de Souza , 30 - Centro",08970-000,Salesópolis,SP
246,Fórum Salto I (Principal),(11) 3414-4316,Não Informado,saltoadm@tjsp.jus.br,Itu,3,Entrância Intermediária,Salto,76.83,110V,"Avenida Dom Pedro II , 261 - Centro",13320-240,Salto,SP
247,Fórum de Santa Adélia I,(17) 3571-3405,Não Informado,santadeliaadm@tjsp.jus.br,Catanduva,0,Entrância Inicial,Santa Adélia,339.63,220V,"Praça Doutor Adhemar de Barros , 255 - Centro",15950-000,Santa Adélia,SP
248,Desembargador Adérito Pereira da Silva,(19) 3026-8332,(19) 3026-8332,santabarbaraadm@tjsp.jus.br,Americana,5,Entrância Final,Santa Bárbara d'Oeste,118.83,110V,"Praça D.Carolina , 40 - Jardim Panambi",13450-515,Santa Bárbara d'Oeste,SP
249,Fórum Desembargador Roberto Maldonado Loureiro,(12) 2138-5701,(12) 2138-5702,santabrancaadm@tjsp.jus.br,São José dos Campos,2,Entrância Inicial,Santa Branca,78.51,220V,"Rua Coronel Alfredo de Lima , 90 - Centro",12380-000,Santa Branca,SP
250,Fórum Santa Cruz das Palmeiras I,(19) 3672-9554,Não Informado,stacruzpalmeirasadm@tjsp.jus.br,Casa Branca,1,Entrância Inicial,Santa Cruz das Palmeiras,201.42,220V,"Avenida do Café , 665 - Centro",13650-013,Santa Cruz das Palmeiras,SP
251,Fórum Doutor Augusto José da Costa,(14) 2227-1422,Não Informado,stacruzpardoadm@tjsp.jus.br,Ourinhos,4,Entrância Intermediária,Santa Cruz do Rio Pardo,314.61,110V,"Av Doutor Cyro de Mello Camarinha , 606 - Centro",18900-073,Santa Cruz do Rio Pardo,SP
252,Fórum Santa Fé do Sul I,Não Informado,Não Informado,santafeadm@tjsp.jus.br,Jales,3,Entrância Inicial,Santa Fé do Sul,577.5,110V,"Avenida Conselheiro Antonio Prado , 1662 - Centro",15775-000,Santa Fé do Sul,SP
253,Fórum  Santa Isabel I,(11) 4635-7951,Não Informado,santaisabeladm@tjsp.jus.br,Guarulhos,3,Entrância Inicial,Santa Isabel,49.58,110V,"Praça da Bandeira , s/n - Centro",07500-000,Santa Isabel,SP
254,Fórum Prof. Antonio Calixto Leal,(19) 2148-5051,Não Informado,santaritaadm@tjsp.jus.br,Pirassununga,2,Entrância Inicial,Santa Rita do Passa Quatro,221.88,220V,"Rua Victor Annibal Rosin , 251 - Jd. América",13670-970,Santa Rita do Passa Quatro,SP
255,Fórum Santa Rosa de Viterbo,(16) 3954-9201,Não Informado,santarosaadm@tjsp.jus.br,Ribeirão Preto,1,Entrância Inicial,Santa Rosa de Viterbo,242.5,220V,"Rua Francisco Carvalho de Andrade , 121 - Centro",14270-000,Santa Rosa de Viterbo,SP
256,Fórum I Santo Anastácio,(18) 3263-9601,(18) 3263-9602,santoanastacioadm@tjsp.jus.br,Presidente Venceslau,1,Entrância Inicial,Santo Anastácio,543.1,220V,"Praça Ataliba Leonel , 251 - Centro",19360-000,Santo Anastácio,SP
257,Fórum Santo André I,(11) 4573-3333,Não Informado,santoandreadm@tjsp.jus.br,Santo André,21,Entrância Final,Santo André,16.31,110V,"Praça IV Centenário , 03 - Centro",09040-906,Santo André,SP
258,Fórum Santos I,(13) 3346-5782,Não Informado,admsantos@tjsp.jus.br,Santos,5,Entrância Final,Santos,55.26,220V,"Praça Patriarca José Bonifácio , s/nº - Centro",11013-190,Santos,SP
259,Fórum Santos II (Cível),(13) 3346-5782,Não Informado,admsantos@tjsp.jus.br,Santos,1,Entrância Final,Santos,55.26,220V,"Rua Bittencourt , 144 - Vila Nova",11013-300,Santos,SP
260,Fórum Santos III (Anexo) (Desativado),Não Informado,Não Informado,Não Informado,Não Informado,0,Não Informado,Não Informado,,Não Informado,"Avenida São Francisco , 242 - Centro",11013-202,Santos,SP
261,Fórum Juiz Francisco Chiaradia Netto - São Bento do Sapucaí,(12) 2138-2402,Não Informado,saobento@tjsp.jus.br,Taubaté,0,Entrância Inicial,São Bento do Sapucaí,132.99,110V,"Rua Capitão Procópio Marcondes Azeredo , 43 - Centro",12490-000,São Bento do Sapucaí,SP
262,Fórum Ministro Nelson Hungria I,(11) 2845-9583,Não Informado,saobernardoadm@tjsp.jus.br,São Bernardo do Campo,27,Entrância Final,São Bernardo do Campo,17.77,110V,"Rua 23 de Maio , 107 - Vila Tereza",09606-000,São Bernardo do Campo,SP
263,Fórum São Caetano do Sul I,(11) 3489-2506,Não Informado,saocaetanoadm@tjsp.jus.br,Santo André,8,Entrância Final,São Caetano do Sul,12.02,110V,"Praça Doutor Joviano Pacheco de Aguirre , s/nº - Jardim São Caetano",09581-540,São Caetano do Sul,SP
264,Fórum São Carlos I - (Criminal),(16) 2107-2420,Não Informado,saocarlosadm@tjsp.jus.br,São Carlos,3,Entrância Final,São Carlos,213.29,220V,"Rua Conde do Pinhal , 2061 - Centro",13560-648,São Carlos,SP
265,Fórum São Carlos II - (Civel),(16) 2106-8911,Não Informado,saocarlosadm@tjsp.jus.br,São Carlos,7,Entrância Final,São Carlos,213.29,110V,"Rua Sorbone , 375 - Centreville",13560-760,São Carlos,SP
266,Fórum I Dr. Plínio Barreto,(19) 3366-2600,(19) 3633-1033,saojoaoadm@tjsp.jus.br,São João da Boa Vista,4,Entrância Final,São João da Boa Vista,176.35,110V,"Avenida Doutor Octávio da Silva Bastos , 2.150 - Jardim Nova São João",13874-149,São João da Boa Vista,SP
267,Fórum São Joaquim da Barra I,(16) 2190-5310,Não Informado,sãojoaquimadm@tjsp.jus.br,Ituverava,2,Entrância Inicial,São Joaquim da Barra,353.0,110V,"Travessa Cleiton Zanini , 300 - Jardim Canadá",14600-000,São Joaquim da Barra,SP
268,Fórum Jovino de Syllos - São José do Rio Pardo -,(19) 2181-1701,(19) 2181-1701,riopardoadm@tjsp.jus.br,Casa Branca,3,Entrância Inicial,São José do Rio Pardo,218.59,220V,"Praça dos Três Poderes , 03 - Centro",13720-000,São José do Rio Pardo,SP
269,Fórum São José do Rio Preto I - (Central),(17) 3354-2613,(17) 3354-2616,riopretoadm@tjsp.jus.br,São José do Rio Preto,9,Entrância Final,São José do Rio Preto,414.42,110V,"Rua Marechal Deodoro da Fonseca , 3036 - Centro",15010-902,São José do Rio Preto,SP
270,Fórum São José dos Campos I (Principal),Não Informado,Não Informado,sjcamposadm@tjsp.jus.br,São José dos Campos,25,Entrância Final,São José dos Campos,86.77,220V,"Avenida Salmão , 678 - Parque Residencial Aquarius",12246-260,São José dos Campos,SP
271,Promotor Francisco Esmeraldo de Melo,(12) 3671-7304,Não Informado,paraitingaadm@tjsp.jus.br,Taubaté,1,Entrância Inicial,São Luiz do Paraitinga,140.1,110V,"Via de Acesso Vereador José Adolfo Pinto de Souza , s/n - Várzea dos Passarinhos",12141-302,São Luiz do Paraitinga,SP
272,"Fórum Desembargador ""Julio César de Faria""",Não Informado,Não Informado,saomanueladm@tjsp.jus.br,Botucatu,5,Entrância Inicial,São Manuel,217.7,110V,"Rua Ettore Targa , s/nº - Centro",18652330,São Manuel,SP
273,"Fórum ""Desembargador Luiz Gonzaga de Campos Gouvêa""",(15) 3415-5556,Não Informado,smarcanjoadm@tjsp.jus.br,Itapetininga,1,Entrância Inicial,São Miguel Arcanjo,143.33,220V,"Rua Bento França , 332 - Centro",18230-000,São Miguel Arcanjo,SP
274,"Fórum ""Francisco Mendes de Aguiar""",(19) 2182-5160,(19) 0000-0000,saopedroadm@tjsp.jus.br,Piracicaba,4,Entrância Inicial,São Pedro,171.57,220V,"Praça Adolpho Bonifácio Bragaia , s/nº - Centro",13520-028,São Pedro,SP
275,Fórum São Roque I,(11) 2550-5292,Não Informado,saoroqueadm@tjsp.jus.br,Sorocaba,3,Entrância Intermediária,São Roque,50.91,110V,"Avenida John Fitzgerald Kennedy , 355 - Centro",18130-510,São Roque,SP
276,Ed. Promotor Carlos Siqueira Neto,(12) 2163-1851,Não Informado,saosebastiaospadm@tjsp.jus.br,Caraguatatuba,4,Entrância Intermediária,São Sebastião,127.07,110V,"Rua Emídio Orselli , 333 - Varadouro",11611-627,São Sebastião,SP
277,Fórum da Comarca de São Sebastião da Grama,(19) 3646-9601,Não Informado,gramaadm@tjsp.jus.br,Casa Branca,1,Entrância Inicial,São Sebastião da Grama,205.14,220V,"Praça São Sebastião , 126 - Centro",13790-000,São Sebastião da Grama,SP
278,Fórum de São Simão,(16) 3984-9906,Não Informado,Não Informado,Ribeirão Preto,1,Entrância Inicial,São Simão,248.51,110V,"Rua 20 de Agosto , 258 - Centro",14200-000,São Simão,SP
279,Fórum DR. ANTONIO FELICIANO,(13) 2102-6462,(13) 2102-6412,Não Informado,Santos,13,Entrância Final,São Vicente,52.4,110V,"Rua Jacob Emerich , 1367 - Parque Bitarú",11310-906,São Vicente,SP
280,Fórum Serra Negra I - (Principal),(19) 2152-5511,(19) 2152-5252,Não Informado,Amparo,2,Entrância Inicial,Serra Negra,104.29,110V,"Praça Barão do Rio Branco , 71 - centro",13930-073,Serra Negra,SP
281,Fórum Serrana,(16) 2569-2007,Não Informado,serranaadm@tjsp.jus.br,Ribeirão Preto,2,Entrância Inicial,Serrana,277.96,110V,"Avenida Habib Jabali , 500 - Jardim Boa Vista",14150-000,Serrana,SP
282,Fórum Sertãozinho I,(16) 3521-1554,Não Informado,sertaozinhoadm@tjsp.jus.br,Ribeirão Preto,6,Entrância Final,Sertãozinho,301.98,110V,"Avenida Pedro Strini , 71 - Jd. América",14160-260,Sertãozinho,SP
283,"Fórum ""Dr. Alfredo de Carvalho Pinto""",(19) 3955-9520,Não Informado,socorroadm@tjsp.jus.br,Amparo,2,Entrância Inicial,Socorro,106.97,110V,"Praça 9 de Julho , 222 - Centro",13960-000,Socorro,SP
284,Fórum Sorocaba I - Ministro Piza e Almeida,Não Informado,Não Informado,sorocabaadm@tjsp.jus.br,Sorocaba,39,Entrância Final,Sorocaba,83.96,110V,"Rua 28 de Outubro , 691 - Alto da Boa Vista",18087-080,Sorocaba,SP
285,Fórum Sumaré I,(19) 3309-2648,Não Informado,sumareadm@tjsp.jus.br,Americana,8,Entrância Final,Sumaré,103.32,110V,"Rua Antonio de Carvalho , 170 - Centro",13170-901,Sumaré,SP
286,Fórum Suzano I - Cível - Criminal - JEC- Anexo das Fazendas,Não Informado,Não Informado,suzanoadm@tjsp.jus.br,Mogi das Cruzes,7,Entrância Final,Suzano,33.13,110V,"Avenida Paulo Portela , s/n - Jd. Paulista",08675-230,Suzano,SP
287,Fórum Tabapuã,(17) 3562-9901,Não Informado,tabapuaadm@tjsp.jus.br,Catanduva,1,Entrância Inicial,Tabapuã,378.58,220V,"Rua Eugênio Ulian , 1265 - centro",15880-023,Tabapuã,SP
288,Fórum Taboão da Serra I - (Principal),(11) 2844-1032,Não Informado,taboaoadm@tjsp.jus.br,Itapecerica da Serra,5,Entrância Final,Taboão da Serra,13.35,110V,"Rua Mario Latorre , 96 - Pq. Pinheiros",06767-230,Taboão da Serra,SP
289,Fórum Tambaú,(19) 2184-5107,Não Informado,tambauadm@tjsp.jus.br,Casa Branca,1,Entrância Inicial,Tambaú,215.13,220V,"Rua Campos Salles , 345 - Centro",13710-000,Tambaú,SP
290,Fórum Dr. Acrísio Pires Domingues,Não Informado,(17) 2221-5158,tanabiadm@tjsp.jus.br,São José do Rio Preto,2,Entrância Inicial,Tanabi,449.32,110V,"Praça Stélio Machado Loureiro, , 273 - Centro",15170-000,Tanabi,SP
291,Fórum Taquaritinga I,(16) 3253-9840,Não Informado,taquaritingaadm@tjsp.jus.br,Jaboticabal,4,Entrância Inicial,Taquaritinga,305.93,110V,"Rua Duque de Caxias , 267 - Centro",15900-017,Taquaritinga,SP
292,Fórum I Taquarituba - Joaquim Rodrigues,(14) 3762-8605,Não Informado,taquaritubaadm@tjsp.jus.br,Avaré,1,Entrância Inicial,Taquarituba,265.85,220V,"Avenida Coronel João Quintino , 137 - Centro",18740-000,Taquarituba,SP
293,Fórum Tatuí I,(15) 2102-5548,(15) 2102-5548,tatuiadm@tjsp.jus.br,Itapetininga,5,Entrância Final,Tatuí,126.36,110V,"Avenida Virginio Montezzo Filho , 2009 - Nova Tatui",18278-440,Tatuí,SP
294,Fórum Taubaté I - (Criminal),(12) 2124-9105,Não Informado,taubateadm@tjsp.jus.br,Taubaté,5,Entrância Final,Taubaté,124.73,110V,"Praça Monsenhor Silva Barros , s/n - Centro",12020-070,Taubaté,SP
295,Fórum Cível da Comarca de Taubaté,(12) 2124-9256,Não Informado,taubateadm@tjsp.jus.br,Taubaté,7,Entrância Final,Taubaté,124.73,110V,"Rua José Licurgo Indiani , s/n - Jardim Maria Augusta",12070-070,Taubaté,SP
296,Prédio I - Teodoro Sampaio,(18) 3282-1555,Não Informado,Não Informado,Não Informado,0,Não Informado,Não Informado,,Não Informado,"Rua Manoel Ramos Gonçalves , 573 - VILA SÃO PAULO",19280-000,Teodoro Sampaio,SP
297,Fórum Tietê,Não Informado,Não Informado,tieteadm@tjsp.jus.br,Piracicaba,3,Entrância Inicial,Tietê,120.81,220V,"Av. XI de Agosto , 130 - centro",18530-000,Tietê,SP
298,"""Desembargador Jurandyr Nilsson""",(12) 2125-7370,Não Informado,tremembeadm@tjsp.jus.br,Taubaté,2,Entrância Inicial,Tremembé,128.97,110V,"Rua Costa Cabral , 1183 - Centro",12120-013,Tremembé,SP
299,Fórum Tupã I,Não Informado,Não Informado,tupaadm@tjsp.jus.br,Tupã,6,Entrância Final,Tupã,436.22,220V,"Rua Colômbia , 200 - Jardim América",17605-900,Tupã,SP
300,Fórum I Tupi Paulista,(18) 3851-9801,Não Informado,Não Informado,Dracena,2,Entrância Inicial,Tupi Paulista,561.35,110V,"Rua Tiradentes , 877 - centro",17930-037,Tupi Paulista,SP
301,Fórum Ubatuba - Des. Joaquim de Syllus Cintra,(12) 2138-5902,Não Informado,ubatubaadm@tjsp.jus.br,Caraguatatuba,4,Entrância Intermediária,Ubatuba,160.09,110V,"Rua Sérgio Lucindo da Silva , 571 - Estufa II",11689-416,Ubatuba,SP
302,Fórum da Comarca de Urânia I,(17) 3634-9901,Não Informado,uraniaadm@tjsp.jus.br,Jales,2,Entrância Inicial,Urânia,552.82,220V,"Avenida Barão do Rio Branco , 818 - Centro",15760-000,Urânia,SP
303,Fórum Urupês,(17) 3552-8524,(17) 3552-8524,urupesadm@tjsp.jus.br,Catanduva,1,Entrância Inicial,Urupês,377.48,220V,"Praça Jardim Bela Vista , s/n - Jardim Bela Vista",15850-019,Urupês,SP
304,Fórum Valinhos I - (Principal),(19) 3309-4614,(19) 3309-4614,valinhosadm@tjsp.jus.br,Campinas,3,Entrância Intermediária,Valinhos,73.95,110V,"Rua Professor Ataliba Nogueira, 36 , 36 - Jd. Santo Antonio",13270-660,Valinhos,SP
305,Fórum Desembargador Antonio Marzagão Barbuto,(18) 3401-8602,Não Informado,valparaisoadm@tjsp.jus.br,Araçatuba,1,Entrância Inicial,Valparaíso,505.76,110V,"Rua Padre Mauro Eduardo , s/n - Centro",16880-000,Valparaíso,SP
306,Fórum Vargem Grande do Sul,Não Informado,Não Informado,vgdosuladm@tjsp.jus.br,São João da Boa Vista,2,Entrância Inicial,Vargem Grande do Sul,192.63,220V,"Avenida Walter Tatoni , 343 - Vila Sant'Ana",13880-000,Vargem Grande do Sul,SP
307,Desembargador HELIO DE QUADROS ARRUDA,Não Informado,Não Informado,vgpaulistaadm@tjsp.jus.br,Itapecerica da Serra,1,Entrância Inicial,Vargem Grande Paulista,40.21,110V,"Avenida Miranda , 25 - Jd. Verona",06735-020,Vargem Grande Paulista,SP
308,Fórum da Comarca de Várzea Paulista I,(11) 3378-6465,Não Informado,varzeaptaadm@tjsp.jus.br,Jundiaí,2,Entrância Inicial,Várzea Paulista,42.29,220V,"Av. Fernão Dias Paes Leme , 2323 - V.Santa Terezinha",13220-005,Várzea Paulista,SP
309,Fórum Juiz João Mendes,(19) 3399-8953,Não Informado,vinhedoadm@tjsp.jus.br,Jundiaí,3,Entrância Intermediária,Vinhedo,67.2,220V,"Estrada da Boiada , 530 - Jardim Brasil",13289-084,Vinhedo,SP
310,Gabriel Custódio da Silveira,(17) 3392-8902,Não Informado,viradouroadm@tjsp.jus.br,Barretos,1,Entrância Inicial,Viradouro,343.06,110V,"Rua José Borelli , 10 - Jardim São Francisco",14740-180,Viradouro,SP
311,Fórum Votorantim,(15) 3415-4601,Não Informado,votorantimadm@tjsp.jus.br,Sorocaba,3,Entrância Intermediária,Votorantim,81.75,110V,"Avenida Luiz do Patrocínio Fernandes , 762 - Rio Acima",18114-001,Votorantim,SP
312,Fórum Votuporanga I,(17) 2101-1127,Não Informado,votuporangaadm@tjsp.jus.br,Votuporanga,7,Entrância Final,Votuporanga,488.94,110V,"Rua Espírito Santo , 2497 - Cia Melhoramentos",15501-221,Votuporanga,SP
313,Fórum Brás (Inativado) (Varas Especiais da Infância e Juventude),(11) 4503-9663,Não Informado,Não Informado,Não Informado,0,Não Informado,Não Informado,,Não Informado,"Rua Piratininga , N° 105 - Brás urb/sp",03042-001,São Paulo,SP
314,Fórum Criminal Complexo Judiciário Ministro Mário Guimarães - Barra Funda,Não Informado,Não Informado,admfmmg@tjsp.jus.br,São Paulo,58,Não Informado,São Paulo,0.0,220V,"Avenida Doutor Abraão Ribeiro , 313 - Barra Funda",01133-020,São Paulo,SP
315,Fórum João Mendes Júnior,Não Informado,Não Informado,Não Informado,São Paulo,70,Não Informado,São Paulo,0.0,110V,"Pça João Mendes , s/n - Centro",01501-000,São Paulo,SP
316,Fórum Hely Lopes Meirelles - (Fazenda Pública),(11) 3489-6525,Não Informado,Não Informado,São Paulo,24,Não Informado,São Paulo,0.0,110V,"Viaduto Dona Paulina , n° 80 - Centro",01501-020,São Paulo,SP
317,Fórum Santana,Não Informado,Não Informado,Não Informado,São Paulo,20,Não Informado,São Paulo,0.0,110V,"Avenida Engenheiro Caetano Alvares , 594 - Casa Verde",02520-310,São Paulo,SP
318,Foro Regional II - Santo Amaro - Prédio Adolfo Pinheiro,(11) 3246-9431,Não Informado,admfrsantoamaro@tjsp.jus.br,São Paulo,4,Não Informado,São Paulo,0.0,220V,"Avenida Adolfo Pinheiro , 1992 - Santo Amaro",04734-003,São Paulo,SP
319,Foro Regional III - Jabaquara/Saúde,(11) 3489-4054,Não Informado,Não Informado,São Paulo,25,Não Informado,São Paulo,0.0,110V,"Rua Afonso Celso , 1065 - Vila Mariana",04119-061,São Paulo,SP
320,Fórum Regional IV Lapa I,(11) 2868-6871,(11) 2868-6875,Não Informado,São Paulo,9,Não Informado,São Paulo,0.0,110V,"Rua Clemente Álvares , 100 - .Lapa",05074-050,São Paulo,SP
321,"Fórum Reg. IX - Vila Prudente - Foro ""Desembargador Gentil do Carmo Pinto""",(11) 3489-4702,Não Informado,Não Informado,São Paulo,7,Não Informado,São Paulo,0.0,110V,"Avenida Sapopemba , 3.740 - Vila Diva",03345-000,São Paulo,SP
322,Fórum São Miguel Paulista,Não Informado,Não Informado,admfrsaomiguel@tjsp.jus.br,São Paulo,23,Não Informado,São Paulo,0.0,220V,"Av. Afonso Lopes de Baião , 1736 - São Miguel Paulista - Capital",08040-000,São Paulo,SP
323,Fórum Regional VII - Itaquera,(11) 3489-2234,Não Informado,admfritaquera@tjsp.jus.br,São Paulo,12,Não Informado,São Paulo,0.0,220V,"Avenida Pires do Rio , 3.915 - Itaquera",08240-005,São Paulo,SP
324,Fórum Tatuapé,Não Informado,Não Informado,Não Informado,São Paulo,10,Não Informado,São Paulo,0.0,220V,"Rua Santa Maria , 257 - Tatuapé",03085-000,São Paulo,SP
325,Fórum Ipiranga,(11) 3489-2842,Não Informado,admfripiranga@tjsp.jus.br,São Paulo,6,Não Informado,São Paulo,0.0,110V,"Rua Agostinho Gomes , 1455/1457 - Ipiranga",04206-000,São Paulo,SP
326,Fórum Regional XI - Pinheiros,(11) 3489-3620,(11) 3489-3620,admfrpinheiros@tjsp.jus.br,São Paulo,17,Não Informado,São Paulo,0.0,110V,"Rua Jericó s/ nº ,  - Vila Madalena",05435-040,São Paulo,SP
327,Tribunal de Justiça - Pátio do Colégio,(11) 3489-3860,Não Informado,admpatiocolegio@tjsp.jus.br,São Paulo,0,Não Informado,São Paulo,0.0,110V,"Pátio do Colégio , 73 - Centro",01016-040,São Paulo,SP
328,Tribunal de Justiça - Palácio da Justiça,(11) 4802-9188,Não Informado,Não Informado,São Paulo,2,Não Informado,São Paulo,0.0,110V,"Praça da Sé , s/n - Centro",01018-010,São Paulo,SP
329,Complexo Judiciário Ipiranga (Desativado),(11) 2711-7650,Não Informado,Não Informado,Não Informado,0,Não Informado,Não Informado,,Não Informado,"Praça Nami Jafet , 235 - Ipiranga",04202-001,São Paulo,SP
330,Fórum de Campinas - Cidade Judiciária,(19) 2101-3121,Não Informado,campinasadm@tjsp.jus.br,Campinas,37,Entrância Final,Campinas,83.55,110V,"Avenida Francisco Xavier de Arruda Camargo , 300 - Jardim Santana",13088-901,Campinas,SP
331,Fórum Maracaí II - Juizado Especial Cível e Criminal e CEJUSC,(18) 3371-1451,Não Informado,Não Informado,Assis,0,Entrância Inicial,Maracaí,425.27,220V,"Rua Nove de Julho , 139 - Centro",19840-000,Maracaí,SP
333,Fórum Tanabi (Juizado Especial Cível e Criminal),Não Informado,(17) 2221-5158,tanabiadm@tjsp.jus.br,São José do Rio Preto,2,Entrância Inicial,Tanabi,449.32,110V,"Praça Stélio Machado Loureiro , s/n - Centro",15170-000,Tanabi,SP
334,Desocupado,Não Informado,(14) 3733-3212,avaresadm@tjsp.jus.br,Não Informado,0,Não Informado,Não Informado,,Não Informado,"PRAÇA PAULO GOMES DE OLIVEIRA , 57 - CENTRO",18701030,Avaré,SP
335,Fórum Votuporanga II - (Anexo Fiscal),(17) 2101-1201,Não Informado,Não Informado,Votuporanga,0,Entrância Final,Votuporanga,488.94,110V,"Rua São Paulo , 3431 - centro",15500-000,Votuporanga,SP
336,Fórum Olímpia II (3ª Vara Cível),(17) 2190-5301,(17) 2190-5302,Não Informado,Barretos,1,Entrância Intermediária,Olímpia,390.85,110V,"Rua Duque de Caxias , 466 - Patrimônio de São João Batista",15400-095,Olímpia,SP
337,Fórum Ibitinga II,(16) 3341-6366,Não Informado,Não Informado,Araraquara,0,Entrância Intermediária,Ibitinga,300.4,110V,"Rua Tiradentes , 519 - Centro",14940-000,Ibitinga,SP
338,Fórum Guaíra II,(17) 3017-1616,(17) 3017-1503,Não Informado,Barretos,0,Entrância Inicial,Guaíra,398.52,110V,"Rua 12 , 712 - Centro",14790-000,Guaíra,SP
339,Centro Administrativo - Consolação,(11) 2711-1665,Não Informado,Não Informado,São Paulo,0,Não Informado,São Paulo,0.0,110V,"Rua da Consolação , 1483 - Consolação",01301-100,São Paulo,SP
340,Fórum Valinhos II - (Vara do Juizado Especial Cível e Criminal),(19) 3309-4503,(19) 3309-4614,Não Informado,Campinas,1,Entrância Intermediária,Valinhos,73.95,110V,"Av Independencia , 842/846 - Bela Vista",13276-030,Valinhos,SP
341,Fórum São José do Rio Preto  [desativado],(17) 3222-2142,Não Informado,Não Informado,Não Informado,0,Não Informado,Não Informado,,Não Informado,"Avenida Bady Bassitt , 4000 - Centro",15025-000,São José do Rio Preto,SP
342,Fórum São José do Rio Preto  [desativado],(17) 3227-8525,Não Informado,Não Informado,Não Informado,0,Não Informado,Não Informado,,Não Informado,"Avenida José Munia , 6250 - Redentor",15085-350,São José do Rio Preto,SP
343,Prédio Administrativo Psicossocial - Tabatinguera,(11) 3106-2636,Não Informado,Não Informado,Não Informado,0,Não Informado,Não Informado,,Não Informado,"Rua Tabatinguera , 140 - Centro",01020-901,São Paulo,SP
344,"Fórum Salto II (Juizado Especial, Setor de Execuções Fiscais e Setor Técnico)",(11) 2118-3359,Não Informado,Não Informado,Itu,0,Entrância Intermediária,Salto,76.83,110V,"Rua Rui Barbosa , 790 - Centro",13320-120,Salto,SP
345,Fórum Apiaí - Des. Déscio Mendes Pereira,(15) 3552-9818,Não Informado,apiaiadm@tjsp.jus.br,Itapeva,2,Entrância Inicial,Apiaí,248.29,110V,"Praça Francisco Xavier da Rocha , 182 - Centro",18320-000,Apiaí,SP
346,Setor das Execuções Fiscais e Setor Técnico Psicossocial,Não Informado,Não Informado,Não Informado,Amparo,0,Entrância Final,Amparo,95.08,220V,"Rua Sete de Setembro , 130 - Centro",13900-372,Amparo,SP
347,Prédio Alexandre Dumas [Desativado],Não Informado,Não Informado,Não Informado,São Paulo,10,Não Informado,São Paulo,0.0,220V,"Rua Alexandre Dumas , 206 - Santo Amaro",04717-000,São Paulo,SP
348,Centro de Integração da Cidadania - CIC Feitiço da Vila,(11) 5821-7307,(11) 5821-7307,Não Informado,São Paulo,0,Não Informado,São Paulo,0.0,110V,"Estrada de Itapecerica , 8.887 - Santo Amaro - Valo Velho",05858-002,São Paulo,SP
349,Fórum Regional XII - Nossa Senhora do Ó,Não Informado,Não Informado,admfrsenhoradoo@tjsp.jus.br,São Paulo,12,Não Informado,São Paulo,0.0,110V,"Rua Tomás Ramos Jordão , 101 - Freguesia do Ó",02736-000,São Paulo,SP
350,Fórum São José do Rio Preto  [desativado],(17) 3216-2315,Não Informado,Não Informado,Não Informado,0,Não Informado,Não Informado,,Não Informado,"Rua Tupi , 765 - Chácara Municipal",15090-500,São José do Rio Preto,SP
351,Fórum Botucatu II - (1ª Vara e 1º Ofício Criminal),(14) 3882-0899,Não Informado,Não Informado,Não Informado,0,Não Informado,Não Informado,,Não Informado,"Rua João Passos , 552 - Centro",18600-040,Botucatu,SP
353,Fórum do Juizado Especial Cível Central,(11) 2711-7802,Não Informado,Não Informado,São Paulo,1,Não Informado,São Paulo,0.0,110V,"Rua Vergueiro , 835 - Paraíso",01504-001,São Paulo,SP
354,Fórum Taubaté  (Fazenda Pública),(12) 2124-9851,Não Informado,taubatefaz@tjsp.jus.br,Taubaté,1,Entrância Final,Taubaté,124.73,220V,"R. José Licurgo Indiani , s/n - Bairro Jardim Maria Augusta",12040-000,Taubaté,SP
355,Fórum das Execuções Fiscais,Não Informado,Não Informado,admexecucoesfiscais@tjsp.jus.br,São Paulo,0,Não Informado,São Paulo,0.0,220V,"Praça Almeida Junior , 72 - Liberdade",01510-010,São Paulo,SP
356,Fórum Ribeirão Pires II - (Serviço Anexo das Fazendas),(11) 3245-8101,Não Informado,Não Informado,Santo André,0,Entrância Intermediária,Ribeirão Pires,29.06,220V,"Rua Kaethe Richers , 542 - Pastoril",09400-630,Ribeirão Pires,SP
358,Fórum Guarulhos (Varas da Família e Central de Mandados) [desativado],Não Informado,Não Informado,Não Informado,Não Informado,0,Não Informado,Não Informado,,Não Informado,"Rua Felício Marcondes , 232 - Centro",07010-030,Guarulhos,SP
359,Fórum Rio Claro II - (Anexo Fiscal) - Desativado,(19) 3533-1911,Não Informado,Não Informado,Não Informado,0,Não Informado,Não Informado,,Não Informado,"Avenida 26, 1143 ,  - Santana",13500-530,Rio Claro,SP
360,Fórum Rio Grande da Serra,Não Informado,Não Informado,riogdeserraadm@tjsp.jus.br,Santo André,0,Entrância Inicial,Rio Grande da Serra,32.6,110V,"Av. dos Autonomistas , 690 - Vila Figueiredo",09450-000,Rio Grande da Serra,SP
361,FÓRUM DESEMBARGADOR SEBASTIÃO DA SILVA PINTO,(11) 4503-9809,Não Informado,nazareptaadm@tjsp.jus.br,Bragança Paulista,1,Entrância Inicial,Nazaré Paulista,47.65,110V,"R. Clementino de Almeida Passos , 35 - Vicente Nunes",12960-000,Nazaré Paulista,SP
362,FORO DA COMARCA DE OUROESTE,(17) 3843-1733,(17) 3843-1733,ouroesteadm@tjsp.jus.br,Fernandópolis,2,Entrância Inicial,Ouroeste,551.62,110V,"Rua Brás Cubas , 1315 - centro",15685-000,Ouroeste,SP
363,Fórum Desembargador Bento Mascarenhas Filho,(15) 3416-8752,Não Informado,saltopiraporaadm@tjsp.jus.br,Sorocaba,2,Entrância Inicial,Salto de Pirapora,96.13,220V,"Rua Francisco de Barros Leite , 708 - Centro",18160-000,Salto de Pirapora,SP
364,Fórum da Comarca de Buri,Não Informado,Não Informado,buriadm@tjsp.jus.br,Itapeva,1,Entrância Inicial,Buri,201.21,110V,"Rua Carlos Alberto Pereira Júnior , 549 - Vila Sene",18292-030,Buri,SP
365,Fórum Artur Nogueira,(19) 3399-9806,Não Informado,arturnogueiraadm@tjsp.jus.br,Mogi Mirim,2,Entrância Intermediária,Artur Nogueira,121.53,110V,"Rua 13 de Maio , 140/150 - Centro",13160-170,Artur Nogueira,SP
366,Prédio Administrativo Conde do Pinhal,(11) 3241-5977,Não Informado,Não Informado,Não Informado,0,Não Informado,Não Informado,,Não Informado,"Rua Conde do Pinhal , 78 - Centro",01501-060,São Paulo,SP
367,Fórum Americana (Anexo Fiscal e setor técnico de Serviço Social )(Desativado),(19) 2108-4804,(19) 3309-2515,americanaadm@tjsp.jus.br,Não Informado,0,Não Informado,Não Informado,,Não Informado,"Rua Sebastião Antas , 113/119 - Vila Jones",13465-380,Americana,SP
368,Fórum da Comarca de Capão Bonito,(15) 2143-1001,Não Informado,capbonitoadm@tjsp.jus.br,Itapetininga,3,Entrância Intermediária,Capão Bonito,181.59,110V,"R. Rafael Machado Neto , 50 - V. Nova Capão Bonito",18304-130,Capão Bonito,SP
369,Fórum Regional IV Lapa II,Não Informado,Não Informado,Não Informado,Não Informado,0,Não Informado,Não Informado,,Não Informado,"Rua Aurélia , 650 - Vila Romana",05046-000,São Paulo,SP
370,Fórum I Desembargador Mário Hoeppener Dutra - Itaquaquecetuba,Não Informado,Não Informado,itaquaquecetubaadm@tjsp.jus.br,Mogi das Cruzes,9,Entrância Final,Itaquaquecetuba,30.16,110V,"Estr. Santa Isabel , 1170-1194 - Jd Cláudia",08570-080,Itaquaquecetuba,SP
371,"Juizado Especial Cível e Crim., Colégio Recursal e CEJUSC",Não Informado,Não Informado,Não Informado,Amparo,0,Entrância Final,Amparo,95.08,220V,"Rua Dr. Osvaldo Cruz , 209 - Centro",13900010,Amparo,SP
372,Fórum Regional VI - Penha de França - (Danylo José Fernandes),Não Informado,Não Informado,Não Informado,São Paulo,1,Não Informado,São Paulo,0.0,110V,"Rua Doutor João Ribeiro , 433 - Penha de França",03634-010,São Paulo,SP
374,Fórum Getulina II - (Unidade Forense),(14) 3552-1149,Não Informado,Não Informado,Lins,0,Entrância Inicial,Getulina,389.8,110V,"Rua Wenceslau Bras , 716 - centro",16450-000,Getulina,SP
375,Complexo Judicário Ipiranga,(11) 2711-7650,Não Informado,admcomplexoipiranga@tjsp.jus.br,São Paulo,0,Não Informado,São Paulo,0.0,220V,"Rua dos Sorocabanos , 680 - Ipiranga",04202-001,São Paulo,SP
376,Fórum Assis II - (Vara da Fazenda Pública) (Desativado),(18) 3402-1722,Não Informado,Não Informado,Não Informado,0,Não Informado,Não Informado,,Não Informado,"Rua Fadlo Jabur , 95 - Centro",19800-045,Assis,SP
379,Fórum Araraquara II - Vara da Infância e da Juventude,(16) 3335-8905,(16) 3336-8374,Não Informado,Não Informado,0,Não Informado,Não Informado,,Não Informado,"Av. Pe Francisco Sales Colturato , 925 - São Geraldo",14801-250,Araraquara,SP
380,Fórum Guaratinguetá [DESATIVADO],(12) 2124-9421,Não Informado,Não Informado,Não Informado,0,Não Informado,Não Informado,,Não Informado,"Av. Dr. Ariberto Pereira da Cunha , 280 - Alberto Byington",12516-410,Guaratinguetá,SP
381,Fórum Mogi Mirim II (Anexo Fiscal),(19) 3806-4122,Não Informado,Não Informado,Não Informado,0,Não Informado,Não Informado,,Não Informado,"Av.Cel.Venancio Ferreira Alves Adorno , 119 - Saúde",13800-221,Mogi Mirim,SP
382,Fórum Dracena II - Juizado Especial Cível e Criminal,(18) 2137-1401,Não Informado,Não Informado,Dracena,0,Entrância Intermediária,Dracena,552.86,110V,"Rua Bolívia , 137 - Jd. Vera Cruz",17900-197,Dracena,SP
383,Fórum José Bonifácio - II (CEJUSC),(17) 3245-5021,Não Informado,Não Informado,São José do Rio Preto,1,Entrância Inicial,José Bonifácio,418.94,110V,"Av. Campos  Sales, , 341 - centro",15200-000,José Bonifácio,SP
384,Fórum Pirassununga II - (Juizado Especial Cível e Criminal),(19) 2134-5802,Não Informado,pirassunungasadm@tjsp.jus.br,Pirassununga,1,Entrância Final,Pirassununga,190.63,110V,"Id Jorge Facuri , 365 - Polo Industrial Guilherme Muller Filho",13632630,Pirassununga,SP
385,Fórum Pirassununga III - (SETOR TÉCNICO),(19) 2134-5554,Não Informado,Não Informado,Pirassununga,0,Entrância Final,Pirassununga,190.63,110V,"Pereira Bueno , 443 - Centro",13630-030,Pirassununga,SP
386,Fórum Jundiaí II - (Anexo Fiscal) (Desativado),(11) 2136-6256,Não Informado,Não Informado,Não Informado,0,Não Informado,Não Informado,,Não Informado,"Rua Senador Fonseca , 957 - centro",13201-017,Jundiaí,SP
387,Fórum Botucatu III - (2ª Vara e 2º Ofício Criminal),(14) 3882-9970,Não Informado,Não Informado,Não Informado,0,Não Informado,Não Informado,,Não Informado,"Av. Aeroporto , 601 - Jd. Riviera",18606-650,Botucatu,SP
388,Fórum Botucatu IV - (Vara do Juizado Especial Cìvel),(14) 3815-2233,Não Informado,Não Informado,Não Informado,0,Não Informado,Não Informado,,Não Informado,"Av. Aeroporto , 601 - Jd. Riviera",18606-650,Botucatu,SP
389,Ofício de  Distribuição Judicial,(14) 3813-5424,Não Informado,Não Informado,Não Informado,0,Não Informado,Não Informado,,Não Informado,"Av. Aeroporto , 601 - Jd. Riviera",18606-650,Botucatu,SP
390,Fórum Botucatu VI - (Anexo Fiscal),(14) 3814-2299,Não Informado,Não Informado,Não Informado,0,Não Informado,Não Informado,,Não Informado,"Rua Cel. José Vitoriano Villas Boas , 718 - Centro",18600-130,Botucatu,SP
391,Fórum Botucatu VII - (Psicologia e Serv. Social),(14) 3813-6464,Não Informado,Não Informado,Não Informado,0,Não Informado,Não Informado,,Não Informado,"Praça Rui Barbosa s/nº ,  - Centro",18600-905,Botucatu,SP
392,Fórum Penápolis II - (Juizado Especial),(18) 2191-6056,Não Informado,Não Informado,Araçatuba,0,Entrância Intermediária,Penápolis,425.45,220V,"Av. Olsen , 300 - Centro",16300-000,Penápolis,SP
393,Fórum Serra Negra II - (Distribuidor e Seção de Administração Geral),(19) 2152-5253,(19) 2152-5252,serranegraadm@tjsp.jus.br,Amparo,0,Entrância Inicial,Serra Negra,104.29,110V,"Praça Barão do Rio Branco , s/n - Centro",13930-000,Serra Negra,SP
394,Fórum Serra Negra III - (Juizado Especial Cível),(19) 2152-5952,(19) 2152-5252,Não Informado,Amparo,1,Entrância Inicial,Serra Negra,104.29,110V,"Rua José Bonifácio , 258 - Centro",13930-000,Serra Negra,SP
395,Fórum Ibiúna II - (Juizado Especial Cível e Criminal),(15) 3416-2751,Não Informado,ibiunasadm@tjsp.jus.br,Sorocaba,1,Entrância Intermediária,Ibiúna,61.0,110V,"Rua Oswaldo Cruz , 60 - centro",18150-000,Ibiúna,SP
396,Foro Regional VII Itaquera (Guaianases),(11) 4635-5937,Não Informado,Não Informado,São Paulo,0,Não Informado,São Paulo,0.0,110V,"Estrada de Poá, 696 , 696 - Guaianases",08460-000,São Paulo,SP
397,Z - Fórum TJSP [desativado],(11) 3521-1814,Não Informado,Não Informado,Não Informado,0,Não Informado,Não Informado,,Não Informado,"Largo São Bento , 108 - Centro",01029-010,São Paulo,SP
398,Centro de Integração da Cidadania - CIC Leste,(11) 2833-1878,(11) 2833-1879,jeccicitaim@tjsp.jus.br,São Paulo,0,Não Informado,São Paulo,0.0,110V,"Rua Pe. Virgilio Campelo , 150 - Itaim Paulista",08131-310,São Paulo,SP
399,Centro de Integração da Cidadania - CIC Norte,(11) 2249-5384,Não Informado,Não Informado,Não Informado,0,Não Informado,Não Informado,,Não Informado,"Rua Ari da Rocha Miranda , 36 - Jaraguá - Jaçanã",02991-000,São Paulo,SP
400,Centro de Integração da Cidadania - CIC Oeste,(11) 3942-5184,Não Informado,Não Informado,São Paulo,0,Não Informado,São Paulo,0.0,110V,"Estrada de Taipas , 990 - Jardim Panamericano",x,São Paulo,SP
401,Fórum Cubatão - II,(13) 3325-6716,Não Informado,cubataoadm@tjsp.jus.br,Não Informado,0,Não Informado,Não Informado,,Não Informado,"Av. Joaquim Miguel Couto , 372/374 - Jd. São Francisco",11500-005,Cubatão,SP
402,Fórum Bragança Paulista II - (Anexo Fiscal) [DESATIVADO],(11) 3404-5652,(11) 3404-5653,Não Informado,Não Informado,0,Não Informado,Não Informado,,Não Informado,"Avenida Antonio Pires Pimentel , 1956 - Jardim Santo Agostinho",12914-001,Bragança Paulista,SP
403,Fórum Osasco II - (Varas da Família e das Sucessões),Não Informado,Não Informado,Não Informado,Osasco,3,Entrância Final,Osasco,15.99,110V,"Rua da Estação , 175 - OSASCO - CENTRO",06093-080,Osasco,SP
404,Fórum Osasco (Varas da Fazenda Pública),(11) 2838-7585,Não Informado,Não Informado,Osasco,2,Entrância Final,Osasco,15.99,110V,"Rua Paulo Lício Rizzo , 96 - Centro",06018-010,Osasco,SP
405,Garagem Alcântara Machado [Desativado],Não Informado,Não Informado,Não Informado,Não Informado,0,Não Informado,Não Informado,,Não Informado,"Av. Alcântara Machado , 2.105 - Belém",03101-003,São Paulo,SP
407,Fórum Taubaté IV - (Execuções Criminais) DESATIVADO,(12) 2124-9325,Não Informado,Não Informado,Não Informado,0,Não Informado,Não Informado,,Não Informado,"Rua Emílio Winther , 1.439 - Centro",12030000,Taubaté,SP
408,Fórum Piracicaba I - (JEC -  JECRIM - COLÉGIO RECURSAL),(19) 3372-3115,Não Informado,Não Informado,Não Informado,0,Não Informado,Não Informado,,Não Informado,"Rua Bernardino de Campos , 55 - Alemães",13416-310,Piracicaba,SP
409,Fórum Piracicaba II - (Anexo Fiscal) [DESATIVADO],(19) 3372-3351,Não Informado,Não Informado,Não Informado,0,Não Informado,Não Informado,,Não Informado,"Rua Moraes Barros , 468 - Centro",13400-353,Piracicaba,SP
410,Fórum Piracicaba IV - (Psicossocial) [DESATIVADO],(19) 3433-8111,Não Informado,Não Informado,Não Informado,0,Não Informado,Não Informado,,Não Informado,"Rua Samuel Neves , 1773 - Alemães",13416-404,Piracicaba,SP
411,Fórum Araçatuba II - VARA DA FAZENDA,(18) 2102-8602,Não Informado,Não Informado,Não Informado,0,Não Informado,Não Informado,,Não Informado,"Praça Doutor Maurício Martins Leite , 60 - Vila São Paulo",16015-600,Araçatuba,SP
412,Tribunal de Justiça - GADE 23 de Maio,Não Informado,Não Informado,Não Informado,São Paulo,0,Não Informado,São Paulo,0.0,110V,"Rua Conde de Sarzedas , 38 - Centro",01512-000,São Paulo,SP
413,Tribunal de Justiça - GADE I (Conselheiro Furtado.705),(11) 2827-8641,Não Informado,admgadefurtado1@tjsp.jus.br,São Paulo,0,Não Informado,São Paulo,0.0,220V,"Rua Conselheiro Furtado , 705 - Liberdade",01511-000,São Paulo,SP
414,Fórum Mogi Guaçu II - (Anexo Fiscal e Juizado Especial),(19) 3019-2251,Não Informado,Não Informado,Mogi Mirim,0,Entrância Final,Mogi Guaçu,134.46,110V,"Rua Chico de Paula , 1090 - Capela",13840-001,Mogi Guaçu,SP
415,Fórum Águas de Lindóia (J.E.CÍVEL e Criminal),(19) 2154-5204,Não Informado,Não Informado,Amparo,0,Entrância Inicial,Águas de Lindóia,119.2,110V,"Rua Francisco Spartani , 126-II - Jd. Le Vilete",13940-000,Águas de Lindóia,SP
416,Fórum Lucéila (Juizado Especial),(18) 3551-1155,Não Informado,Não Informado,Não Informado,0,Não Informado,Não Informado,,Não Informado,"Avenida Internacional , 1518 - Centro",17780-000,Lucélia,SP
417,Fórum Iepê II - (Juizado Especial),(18) 3264-1358,Não Informado,Não Informado,Não Informado,0,Não Informado,Não Informado,,Não Informado,"Rua Minas Gerais , 343 - Centro",19640-000,Iepê,SP
418,Fórum Santa Isabel II - (Juizado Especial e SADM),(11) 2928-9152,Não Informado,Não Informado,Guarulhos,0,Entrância Inicial,Santa Isabel,49.58,110V,"Avenida Manoel Ferraz de Campos Sales , 20 - Centro",07500-000,Santa Isabel,SP
419,(Anexo Fiscal - CEJUSC - Centra de Mandados -  JECRIM - Serviço Social),Não Informado,Não Informado,Não Informado,Guarulhos,0,Entrância Inicial,Santa Isabel,49.58,110V,"Avenida Manoel Ferraz de Campos Salles, 175 , 175 - Centro",07500-000,Santa Isabel,SP
420,Fórum Boituva II - (Juizado Especial),(15) 3263-1971,Não Informado,Não Informado,Itu,0,Entrância Inicial,Boituva,109.74,220V,"Rua Manoel dos Santos Freire , 218 - Centro",18550-073,Boituva,SP
421,Fórum Boituva III - Anexo Fiscal/Setor Técnico,Não Informado,Não Informado,boituvaadm@tjsp.jus.br,Itu,0,Entrância Inicial,Boituva,109.74,220V,"Rua São Joao , 133 - Centro",18550-079,Boituva,SP
422,Fórum São José do Rio Preto IV - (Clínica Psicossocial),(17) 3222-3238,Não Informado,Não Informado,Não Informado,0,Não Informado,Não Informado,,Não Informado,"Rua Redentora , 2351 - Centro",15015-780,São José do Rio Preto,SP
423,Fórum São José do Rio Preto [destivado],Não Informado,Não Informado,Não Informado,Não Informado,0,Não Informado,Não Informado,,Não Informado,"Rua Campos Sales , 1551 - Boa Vista",15025-600,São José do Rio Preto,SP
424,Fórum Olímpia III - (Vara do Juizado Especial Cível e Criminal),(17) 2190-5251,(17) 2190-5252,Não Informado,Barretos,0,Entrância Intermediária,Olímpia,390.85,110V,"Rua São João , 865/875 - Patrimônio de São João Batista",15400-065,Olímpia,SP
425,Fórum Olímpia IV - (Setor das Execuções Fiscais),(17) 2190-5151,Não Informado,Não Informado,Barretos,0,Entrância Intermediária,Olímpia,390.85,110V,"Rua São João , 657 - Patrimônio de São João Batista",15400-065,Olímpia,SP
426,Serviço Anexo das Fazendas da Comarca de Poá e Central de Mandados,(11) 3204-7952,Não Informado,Não Informado,Mogi das Cruzes,0,Entrância Intermediária,Poá,29.75,110V,"Alameda  Pedro Calil , 71/79 - Centro",08557105,Poá,SP
427,Fórum Peruíbe II - (Anexo Fiscal),(13) 3455-7535,Não Informado,Não Informado,Não Informado,0,Não Informado,Não Informado,,Não Informado,"Rua dos Pescadores , 85 - Centro",11750-000,Peruíbe,SP
428,Fórum II  Mongaguá (desativado),(13) 3448-1227,Não Informado,Não Informado,Não Informado,0,Não Informado,Não Informado,,Não Informado,"Avenida São Paulo , 300 - Jardim Samôa",11730-000,Mongaguá,SP
429,Z - Fórum Guarulhos (Juizado Especial Cível e Colégio Recursal) [desativado],Não Informado,Não Informado,Não Informado,Não Informado,0,Não Informado,Não Informado,,Não Informado,"Rua Ipê , 71 - Centro",07090-130,Guarulhos,SP
430,Fórum Guarulhos VIII - (Almoxarifado),(11) 2408-6952,Não Informado,Não Informado,Não Informado,0,Não Informado,Não Informado,,Não Informado,"Av. Dr. Renato de Andrade Maia , 1219 - Parque Renato Maia",07114-000,Guarulhos,SP
431,Fórum de Pirangi,(17) 3386-9506,Não Informado,pirangiadm@tjsp.jus.br,Jaboticabal,2,Entrância Inicial,Pirangi,343.34,110V,"Praça Dr. Clementino Canabrava Filho , 11 - Centro",15820-021,Pirangi,SP
432,Fórum Mirassol - Anexo Fiscal,(17) 3242-0901,Não Informado,Não Informado,São José do Rio Preto,0,Entrância Intermediária,Mirassol,424.59,110V,"Rua Floriano Peixoto , 17-50 - Centro",15130-007,Mirassol,SP
433,Fórum Guarujá II - VARA DA FAZENDA PÚBLICA,(13) 3325-1253,Não Informado,guarujaadm@tjsp.jus.br,Santos,1,Entrância Final,Guarujá,62.8,110V,"Rua Azuil Loureiro , 691/693 - Santa Rosa",11430-110,Guarujá,SP
434,Forum de Borborema - Juizado Especial Civel e Criminal,(16) 3266-1414,(16) 3276-9302,Não Informado,Araraquara,0,Entrância Inicial,Borborema,329.53,110V,"Rua Rui Barbosa , 114 - Centro",14955-000,Borborema,SP
435,ANEXO FISCAL - Fórum Santa Bárbara d´Oeste,(19) 3026-4651,Não Informado,Não Informado,Americana,0,Entrância Final,Santa Bárbara d'Oeste,118.83,110V,"Praça Dona Carolina , 40 - Jardim Panambi",13450515,Santa Bárbara d'Oeste,SP
436,Fórum José Bonifácio Prédio IV - (Setor Anexo Fiscal),(17) 3265-2033,Não Informado,Não Informado,Não Informado,0,Não Informado,Não Informado,,Não Informado,"Rua Romeu Maia Souto , 20 - centro",15200-000,José Bonifácio,SP
437,Tribunal de Justiça - GADE 9 de Julho,(11) 4635-9289,Não Informado,admgade9dejulho@tjsp.jus.br,São Paulo,0,Não Informado,São Paulo,0.0,220V,"Rua Conde de Sarzedas , 62/100 - Liberdade",01512-000,São Paulo,SP
438,Fórum de Itatinga - (Juizado Especial Cível e Criminal),(14) 3848-9702,Não Informado,Não Informado,Botucatu,1,Entrância Inicial,Itatinga,208.15,110V,"Rua Major Prado , 395 - Centro",18690-000,Itatinga,SP
439,"Juizado Especial Cível, Criminal e da Fazenda Pública",(18) 3275-9804,Não Informado,Não Informado,Presidente Prudente,0,Entrância Inicial,Martinópolis,490.1,110V,"Rua José Henrique de Mello , 158 - Centro",19500-037,Martinópolis,SP
440,Juizado Especial Cível e Criminal  de São Joaquim da Barra [desativado],(16) 3728-6357,Não Informado,Não Informado,Não Informado,0,Não Informado,Não Informado,,Não Informado,"Rua São Paulo , 950 - centro",14600-000,São Joaquim da Barra,SP
441,Fórum São José dos Campos II - (CEJUSC e Execuções Fiscais),(12) 2138-8951,Não Informado,Não Informado,São José dos Campos,0,Entrância Final,São José dos Campos,86.77,220V,"Rua Paulo Setubal , 220 - São Dimas",12245-460,São José dos Campos,SP
442,Fórum São José dos Campos,(12) 3878-7100,(12) 3878-7167,Não Informado,Não Informado,0,Não Informado,Não Informado,,Não Informado,"Avenida Salmão , 678 - Parque Residencial",12246-260,São José dos Campos,SP
443,Prédio Principal,(12) 3878-7100,Não Informado,Não Informado,Não Informado,0,Não Informado,Não Informado,,Não Informado,"Avendia Salmão , 678 - Parque Residencial Aquárius",12246-260,São José dos Campos,SP
444,Prédio Principal,(12) 3878-7100,(12) 3878-7100,Não Informado,Não Informado,0,Não Informado,Não Informado,,Não Informado,"Avenida Salmão , 678 - Parque Residencial Aquárius",12246-260,São José dos Campos,SP
445,Fórum São José dos Campos III (Psicossocial) (Inativado),Não Informado,Não Informado,Não Informado,Não Informado,0,Não Informado,Não Informado,,Não Informado,"Rua Major Francisco de Paula Elias , 239 - Vila Adyanna",12245-320,São José dos Campos,SP
446,Fórum José Bonifácio [Desativado],(17) 3245-4806,Não Informado,Não Informado,Não Informado,0,Não Informado,Não Informado,,Não Informado,"Av. 09 de Julho , 1.404 - Centro",15200-000,José Bonifácio,SP
448,Fórum Indaiatuba III - (Serviço Anexo das Fazendas) (Desativado),(19) 3309-2953,Não Informado,Não Informado,Não Informado,0,Não Informado,Não Informado,,Não Informado,"Rua Alberto Santos Dumont , 1377 - Cidade Nova I - e-mail: indaiatubafaz@tjsp.jus.br",13334150,Indaiatuba,SP
449,Fórum Bauru II - Fazenda Pública e Família e Sucessões,(14) 2106-5940,Não Informado,Não Informado,Bauru,2,Entrância Final,Bauru,283.65,110V,"R. José Ruiz Pelegrina , 6-60 - Vila Aviação",17018-620,Bauru,SP
450,Fórum Barueri - (Anexo Fiscal) - Desativado,Não Informado,Não Informado,Não Informado,Não Informado,0,Não Informado,Não Informado,,Não Informado,"Rua Campos Sales , 222 - Centro",06401-000,Barueri,SP
452,Forúm Mauá II( CEJUSC  E SAF) (Inativado),Não Informado,Não Informado,Não Informado,Não Informado,0,Não Informado,Não Informado,,Não Informado,"Rua  Nelson Barbosa Ferreira , 47 - VILA  NOEMIA",09370-560,Mauá,SP
455,Fórum Sumaré II - Anexo Fiscal [DESATIVADO],(19) 3309-2614,Não Informado,Não Informado,Não Informado,0,Não Informado,Não Informado,,Não Informado,"Rua Antônio de Carvalho , 170 - Centro",13170901,Sumaré,SP
456,SAAB 2.5.3.2  Serv. de Adm. Prédio Melo Peixoto,(11) 3489-2908,(11) 3489-2912,Não Informado,São Paulo,0,Não Informado,São Paulo,0.0,220V,"Rua  Melo Peixoto , 311 - Tatuapé",03590900,São Paulo,SP
457,Prédio Administrativo - (Gráfica e Oficinas  Gerais),Não Informado,Não Informado,Não Informado,São Paulo,0,Não Informado,São Paulo,0.0,220V,"Rua Melo Peixoto , 311 - Tatuapé",03070-000,São Paulo,SP
458,Fórum Catanduva II - (Anexo Fiscal),(17) 3311-3501,Não Informado,Não Informado,Catanduva,0,Entrância Final,Catanduva,359.94,220V,"Av. São Domingos , 495 - Centro",15800-060,Catanduva,SP
459,Fórum Ipaussu II (Juizado Especial Cível),(14) 3345-8606,Não Informado,Não Informado,Não Informado,0,Não Informado,Não Informado,,Não Informado,"Rua Natale Cavezzale , 455 - centro",18950-073,Ipaussu,SP
460,Juizado Especial Cível e Criminal do Foro de Paranapanema,(14) 3713-9801,Não Informado,paranapanemaadm@tjsp.jus.br,Avaré,1,Entrância Inicial,Paranapanema,213.59,110V,"Rua Avaré , 429 - Centro",18720-025,Paranapanema,SP
462,ANEXO FISCAL,(11) 3489-2424,Não Informado,Não Informado,Não Informado,0,Não Informado,Não Informado,,Não Informado,"Av. Paulo Portela S/N - Jardim Paulista - Prédio do Fórum ,  - centro",08675-230,Suzano,SP
464,Fórum Itu II - (Juizado Especial Cível) (Desativado),(11) 2118-7101,Não Informado,Não Informado,Não Informado,0,Não Informado,Não Informado,,Não Informado,"Rua Madre Maria Teodora , 569 - Centro",13301-260,Itu,SP
465,Fórum Itu III - (Serviço Anexo das Fazendas) (Desativado),(11) 4813-8101,Não Informado,Não Informado,Não Informado,0,Não Informado,Não Informado,,Não Informado,"Av. José Augusto Pickardt , 203 - Itu Novo Centro",13303527,Itu,SP
467,Fórum São Vicente II - ( Fazenda Pública),(13) 2202-9910,Não Informado,Não Informado,Santos,0,Entrância Final,São Vicente,52.4,110V,"Rua Nicolau Guirao Perez , 75 - Parque Bitaru",11310-906,São Vicente,SP
468,Fórum São Vicente III - (Juizado Especial),(13) 2202-9859,(13) 2102-6412,Não Informado,Santos,0,Entrância Final,São Vicente,52.4,110V,"RUA JACOB EMERICH , 1238 - PARQUE BITARU",11310-906,São Vicente,SP
469,Fórum Jacareí II - (Juizado Especial Cível e Criminal),(12) 2127-8451,Não Informado,Não Informado,São José dos Campos,0,Entrância Final,Jacareí,73.5,110V,"Rua Capitão João José de Macedo , 478 - Centro",12327-030,Jacareí,SP
470,Fórum Jacareí III - Vara da Fazenda Pública,(12) 2127-8551,Não Informado,Não Informado,São José dos Campos,0,Entrância Final,Jacareí,73.5,220V,"Rua Quinze de Novembro , 259 - Centro",12327-060,Jacareí,SP
471,FÓRUM DA COMARCA DE LIMEIRA II (CRIMINAL),Não Informado,Não Informado,limeiraadm@tjsp.jus.br,Limeira,3,Entrância Final,Limeira,134.49,110V,"RUA BOA MORTE , 661 - CENTRO",13480-181,Limeira,SP
472,LIMEIRA (Desativado),(19) 3442-9077,Não Informado,Não Informado,Não Informado,0,Não Informado,Não Informado,,Não Informado,"VIA ANTONIO CRUÃNES FILHO , S/N - JD STA CECILIA",13480-672,Limeira,SP
473,Fórum Nova Granada II - (Juizado Especial),(17) 3261-2399,Não Informado,Não Informado,Não Informado,0,Não Informado,Não Informado,,Não Informado,"AV. DR. HILDEBERTO A. FERREIRA , 1001 - CENTRO",15440-000,Nova Granada,SP
474,Fórum Ipuâ II - (Juizado Especial),(16) 2162-1251,Não Informado,Não Informado,Ituverava,0,Entrância Inicial,Ipuã,373.76,110V,"Rua Campos Sales , 363 - centro",14610-000,Ipuã,SP
475,Fórum II Leme - (Juizado Especial),(19) 2133-9102,Não Informado,Não Informado,Pirassununga,2,Entrância Intermediária,Leme,170.0,220V,"Rua Professor Domingos Cambiaghi , 322 - Bela Vista",13610-129,Leme,SP
476,Fórum Iguape  (Destivado),(13) 3841-1851,Não Informado,Não Informado,Não Informado,0,Não Informado,Não Informado,,Não Informado,"Rua 9 de Julho , 169 - Centro",11920-000,Iguape,SP
477,Setor Psicossocial do Tribunal de Justiça,(15) 3412-5651,Não Informado,Não Informado,Não Informado,0,Não Informado,Não Informado,,Não Informado,"R. Angelina Parolina Zocca , 43 - SANTA ROSÁLIA",18040-323,Sorocaba,SP
478,Prédio Protocolo estendido do mangal,(15) 3217-6702,Não Informado,Não Informado,Não Informado,0,Não Informado,Não Informado,,Não Informado,"RUA GUSTAVO TEIXEIRA , 719 - VILA INDEPENDENCIA",18040-323,Sorocaba,SP
480,Fórum Piedade II - Juizado Especial Cível,(15) 2102-4852,Não Informado,Não Informado,Sorocaba,1,Entrância Inicial,Piedade,82.71,110V,"Av. Coração de Jesus , 117 - Centro",18170-000,Piedade,SP
481,Fórum Lorena II - (CEJUSC - Prédio do Mercado Municipal de Lorena) (Desativado),(12) 3153-1016,Não Informado,Não Informado,Não Informado,0,Não Informado,Não Informado,,Não Informado,"Avenida Capitão Messias Ribeiro , 211 - Olaria",12607-020,Lorena,SP
482,Fórum Lorena III - (Setor de Execução Fiscal) (Desativado),(12) 2124-1852,Não Informado,Não Informado,Não Informado,0,Não Informado,Não Informado,,Não Informado,"Rua Presidente Roosevelt , 65 - da Cruz",12606-290,Lorena,SP
483,Fórum Caconde  II -  (Juizado Especial Cível e Criminal),(19) 3662-7701,Não Informado,Não Informado,Casa Branca,1,Entrância Inicial,Caconde,224.49,110V,"Praça Ranieri Mazzilli , 6 - Centro",13770-000,Caconde,SP
484,Fórum Macaubal II - (Juizado Especial),(17) 3874-1737,Não Informado,Não Informado,Não Informado,0,Não Informado,Não Informado,,Não Informado,"RUA JERONIMO NARCISO RAMOS , 921 - centro",15270-000,Macaubal,SP
485,FÓRUM CAÇAPAVA - JUIZADO ESPECIAL / SERVIÇO PSICO SOCIAL - RUA CÔNEGO RODOVALHO,(12) 3221-5701,(12) 0000-0000,cacapavajec@tjsp.jus.br,Taubaté,0,Entrância Intermediária,Caçapava,107.09,220V,"Rua Conego Rodovalho , 100 - Centro",12282-300,Caçapava,SP
486,Z-Fórum Cafelândia II - (Juizado Especial Cível e Criminal),(14) 3554-1155,Não Informado,Não Informado,Não Informado,0,Não Informado,Não Informado,,Não Informado,"Avenida Dionísia Zucchi , 265 - Centro",16500-000,Cafelândia,SP
487,Fórum Taboão da Serra II - Anexo Fiscal,(11) 4503-9551,Não Informado,Não Informado,Itapecerica da Serra,1,Entrância Final,Taboão da Serra,13.35,110V,"Av.Paulo Ayres , 470 - Pq Pinheiros",06767-220,Taboão da Serra,SP
488,Fórum Hortolândia III - (Desativado),(19) 3809-0363,Não Informado,Não Informado,Não Informado,0,Não Informado,Não Informado,,Não Informado,"Rua Líbero Badaró , 394 - Jd. Sta. Rita de Cássia",13186-260,Hortolândia,SP
489,Fórum Batatais II - Juizado Especial Cível e Criminal,(16) 2110-1952,Não Informado,Não Informado,Batatais,0,Entrância Final,Batatais,311.16,110V,"Rua Celso Garcia , 581 - Centro",14300-049,Batatais,SP
490,Tribunal de Justiça - GADE I (Conselheiro Furtado.669),(11) 2827-8581,Não Informado,Não Informado,São Paulo,0,Não Informado,São Paulo,0.0,220V,"Rua Conselheiro Furtado , 669 - Liberdade",01511-000,São Paulo,SP
491,Fórum Valinhos III - (Setor das Execuções Fiscais),(19) 3309-4551,(19) 3309-4614,Não Informado,Campinas,0,Entrância Intermediária,Valinhos,73.95,110V,"Rua General Osório , 522 - Nova Valinhos",13271-130,Valinhos,SP
492,Lavarrápido - Moóca (Conservação de Viaturas),(11) 3207-5362,Não Informado,Não Informado,São Paulo,0,Não Informado,São Paulo,0.0,110V,"R. da Moóca , 653 - Moóca",03103-000,São Paulo,SP
493,Fórum Flórida Paulista,(18) 3581-9801,Não Informado,floridaptaadm@tjsp.jus.br,Tupã,1,Entrância Inicial,Flórida Paulista,513.03,110V,"Praça Gerson Veronese Ferracini , 184 - Centro",17830-000,Flórida Paulista,SP
494,Fórum Fernandópolis II - (Setor das Execuções Fiscais),Não Informado,Não Informado,Não Informado,Fernandópolis,0,Entrância Final,Fernandópolis,519.93,110V,"Av. dos Arnados , 740 - Centro",15600-028,Fernandópolis,SP
495,Fórum Guarujá III - FAMÍLIA - JEC/JECRIM,(13) 2102-1404,Não Informado,guarujaadm@tjsp.jus.br,Santos,2,Entrância Final,Guarujá,62.8,110V,"Rua Mário Ribeiro , 261 - Centro",11410191,Guarujá,SP
496,Fórum Itapetininga II (Criminal) Juiz Paulo Rubens Soares Hungria,(15) 3511-2415,Não Informado,itapetiningaadm@tjsp.jus.br,Itapetininga,2,Entrância Final,Itapetininga,144.49,220V,"Av. Peixoto Gomide , s/n - centro",18200-160,Itapetininga,SP
497,Fórum Botucatu VIII - (Protocolo),(14) 3815-1241,Não Informado,botucatuadm@tjsp.jus.br,Não Informado,0,Não Informado,Não Informado,,Não Informado,"Praça Rui Barbosa s/nº ,  - Centro",18600-905,Botucatu,SP
498,Fórum São Vicente IV - (ADM e Finanças) - [desativado],(13) 3469-3900,Não Informado,Não Informado,Não Informado,0,Não Informado,Não Informado,,Não Informado,"Rua Campos de Buri , 18 - Parque Bitarú",11310-906,São Vicente,SP
499,Fórum Bebedouro (Juizado Especial),(17) 3313-5451,Não Informado,Não Informado,Barretos,1,Entrância Intermediária,Bebedouro,345.65,110V,"Praça Nove de Julho , 150 - Centro",14700-039,Bebedouro,SP
500,Forum de Rancharia II - JEC e Criminal da Comarca de Rancharia,(18) 2199-6301,Não Informado,Não Informado,Presidente Prudente,0,Entrância Inicial,Rancharia,460.04,220V,"Rua Sete de Setembro, 964 - Vila Guaçu , 964 - Vila Guaçu",19600-152,Rancharia,SP
501,Z-Prédio_Inativo com setores inativos - STI,Não Informado,Não Informado,Não Informado,São Paulo,4,Não Informado,São Paulo,0.0,110V,"Rua teste , 123' - Centro",03591-070,São Paulo,SP
502,Tribunal de Justiça - GADE II (Conselheiro Furtado.688),(11) 3207-5289,(11) 3207-5289,admgadefurtado2@tjsp.jus.br,São Paulo,0,Não Informado,São Paulo,0.0,220V,"Rua Conselheiro Furtado , 688 - Liberdade",01511-000,São Paulo,SP
503,Fórum Taquaritinga II (Casa Oficial),Não Informado,Não Informado,Não Informado,Não Informado,0,Não Informado,Não Informado,,Não Informado,"Praça Dr. Aimone Salerno , 171 - Centro",15900-000,Taquaritinga,SP
504,Fórum Marília II (VEC e SAF),(14) 2105-1504,(14) 3311-1119,Não Informado,Marília,2,Entrância Final,Marília,370.08,220V,"Rua Setembrino Cardoso Maciel , 20 - Fragata",17501-310,Marília,SP
505,Fórum Marília III (Psicosocial),(14) 3311-7101,Não Informado,Não Informado,Marília,0,Entrância Final,Marília,370.08,220V,"Av. Rio Claro , 33 - Cascata",17515-010,Marília,SP
506,Tribunal de Justiça - MMDC,Não Informado,Não Informado,Não Informado,São Paulo,0,Não Informado,São Paulo,0.0,110V,"Av Ipiranga , 165 - Centro - República",01046-010,São Paulo,SP
507,Seção Administrativa de Distribuição de Mandados,(13) 3346-5554,(13) 3346-5554,saovicentesadm@tjsp.jus.br,Santos,0,Entrância Final,São Vicente,52.4,110V,"Rua Jacob Emerich , 1420 - Parque Bitarú",11310-906,São Vicente,SP
508,Fórum São Vicente VI - (Residência Oficial),Não Informado,Não Informado,Não Informado,Não Informado,0,Não Informado,Não Informado,,Não Informado,"Av. Presidente Wilson , 1.126 - Centro - Imóvel cedido à Prefeitura",11320-000,São Vicente,SP
509,Fórum São Vicente VI - (Almoxarifado e Arquivo),(13) 2202-9869,Não Informado,Não Informado,Santos,0,Entrância Final,São Vicente,52.4,110V,"Rua XV de Novembro , 166 - Centro",11310-400,São Vicente,SP
510,Fórum Nhandeara II - (Juizado Especial Cível e Criminal),(17) 3467-9803,Não Informado,nhandearajec@tjsp.jus.br,Votuporanga,0,Entrância Inicial,Nhandeara,472.71,110V,"Rua Dr. Edmilson Pessoa Cavalcanti, 718 , 718 - centro",15190-000,Nhandeara,SP
511,Fórum Conchas II – (Juizado Especial Cível e Criminal),Não Informado,Não Informado,Não Informado,Não Informado,0,Não Informado,Não Informado,,Não Informado,"Rua Pernambuco , 1190 - centro",18570-000,Conchas,SP
512,Foro Regional XV - Butantã,Não Informado,Não Informado,Não Informado,São Paulo,6,Não Informado,São Paulo,0.0,110V,"Av. Corifeu de Azevedo Marques, 148-150 , 148-150 - Butantã",05582-000,São Paulo,SP
513,Fórum Indaiatuba IV (Cartório Criminal) (inativado),(19) 3309-4301,Não Informado,Não Informado,Não Informado,0,Não Informado,Não Informado,,Não Informado,"Avenida Itororó , 583/587 - Cidade Nova I (e-mail: indaiatuba1cr@tjsp.jus.br)",13334-050,Indaiatuba,SP
514,Fórum Bauru III - Execuções Criminais [DESATIVADO],Não Informado,Não Informado,Não Informado,Não Informado,0,Não Informado,Não Informado,,Não Informado,"Avenida Duque de Caxias , 12-29 - Vila Altinópolis",17012-151,Bauru,SP
515,Fórum Dois Córregos II (Residência Oficial),Não Informado,Não Informado,Não Informado,Jaú,0,Entrância Inicial,Dois Córregos,221.7,110V,"Av. D. Predro I , 576 - Centro",17300-055,Dois Córregos,SP
516,Fórum Diadema - Cível,(11) 2763-8688,Não Informado,Não Informado,São Bernardo do Campo,6,Entrância Final,Diadema,15.4,110V,"Av. Sete de Setembro , 409/413 - Vila Conceição",09912-010,Diadema,SP
517,Fórum Diadema - Fazenda Pública,(11) 4506-1732,Não Informado,Não Informado,São Bernardo do Campo,1,Entrância Final,Diadema,15.4,110V,"Av. Sete de Setembro , 440/442 - Vila Conceição",09912-010,Diadema,SP
518,Fórum Diadema - Juizado Especial Cível,(11) 2763-8688,Não Informado,Não Informado,São Bernardo do Campo,0,Entrância Final,Diadema,15.4,110V,"Av. Sete de Setembro , 359 - Vila Conceição",09912-010,Diadema,SP
519,Prédio II - Teodoro Sampaio,(18) 3282-1555,Não Informado,Não Informado,Não Informado,0,Não Informado,Não Informado,,Não Informado,"Rua Manoel Ramos Gonçalves , 599 - Vila São Paulo",19280-000,Teodoro Sampaio,SP
520,Prédio III  (JEC) - Teodoro Sampaio,(18) 3282-2097,Não Informado,Não Informado,Não Informado,0,Não Informado,Não Informado,,Não Informado,"Rua Tichiro Fuziki , 648 - Vila São Paulo",19280-000,Teodoro Sampaio,SP
521,Fórum Lins II - Arquivo e Depósito,(14) 3522-3977,Não Informado,Não Informado,Não Informado,0,Não Informado,Não Informado,,Não Informado,"Rua Guarantã , 520 - Jardim Americano",16400-520,Lins,SP
522,Forum Araras II - ANEXO FISCAL,(19) 3321-2251,Não Informado,Não Informado,Limeira,0,Entrância Intermediária,Araras,152.98,110V,"Av. Zurita , 681 - Jardim Belvedere",00000-000,Araras,SP
523,Fórum Rio Claro III - JEC/CEJUSC (Desativado),(19) 2112-1958,Não Informado,Não Informado,Não Informado,0,Não Informado,Não Informado,,Não Informado,"Rua 7 , 830 - Centro",13500-143,Rio Claro,SP
524,Fórum Jaú II - Setor Técnico de Psicologia e Assistentes Sociais,Não Informado,Não Informado,Não Informado,Não Informado,0,Não Informado,Não Informado,,Não Informado,"Rua Santo Antonio , s. - Vila Assis",17210-170,Jaú,SP
525,Garagem Con de de Sarzedas,(11) 3107-4595,Não Informado,Não Informado,São Paulo,0,Não Informado,São Paulo,0.0,110V,"Rua Conde de Sarzedas , 17 - Centro",01512-000,São Paulo,SP
526,Fórum II da Comarca de Itápolis - Arquivo Geral,Não Informado,Não Informado,Não Informado,Não Informado,0,Não Informado,Não Informado,,Não Informado,"Avenida dos Amaros , 283 - Centro",14900-000,Itápolis,SP
527,Fórum Taquaritinga II (Anexo Fiscal / JECCrim / Central de Mandados),(16) 3255-9452,Não Informado,Não Informado,Jaboticabal,2,Entrância Inicial,Taquaritinga,305.93,110V,"Rua Visconde do Rio Branco , 71 - Centro",15900015,Taquaritinga,SP
528,Serviço Anexo das Fazendas,(12) 3203-1916,Não Informado,Não Informado,Caraguatatuba,0,Entrância Final,Caraguatatuba,124.88,220V,"Avenida Rio Grande do Sul , 1815 - Indaiá",11665-030,Caraguatatuba,SP
529,Prédio Administrativo Brigadeiro Luis Antônio,(11) 2182-7112,Não Informado,Não Informado,Não Informado,0,Não Informado,Não Informado,,Não Informado,"Av. Brigadeiro Luis Antonio , 849 - Bela Vista",01317-001,São Paulo,SP
530,Forum Ribeirão Preto II - NAI – Núcleo de Atendimento Integrado [Desativado],(16) 3238-8005,Não Informado,Não Informado,Não Informado,0,Não Informado,Não Informado,,Não Informado,"R. Alice Além Saadi , 950 - Nova Riberânia",14096-570,Ribeirão Preto,SP
531,Trbunal de Justiça da comarca de Ribeirão Preto - Setor Psicossocial,(16) 3238-4752,Não Informado,Não Informado,Não Informado,0,Não Informado,Não Informado,,Não Informado,"Av. Presidente Kennedy , 1760 - Nova Ribeirânia",14096-350,Ribeirão Preto,SP
532,Fórum São Manuel II,(14) 3842-3262,Não Informado,Não Informado,Não Informado,0,Não Informado,Não Informado,,Não Informado,"Rua Dr. Júlio de Faria , 1396 - Centro",18650-000,São Manuel,SP
533,Fórum Francisco Morato II - CIC - Centro de Integração da Cidadania [Desativado],Não Informado,Não Informado,Não Informado,Não Informado,0,Não Informado,Não Informado,,Não Informado,"Rua Tabatinguera , 45 - Centro",07909-150,Francisco Morato,SP
534,Setor das Execuções Fiscais da Comarca de Lençóis Paulista,(14) 3721-2001,Não Informado,lencoissef@tjsp.jus.br,Bauru,0,Entrância Intermediária,Lençóis Paulista,245.22,110V,"Avenida Nove de Julho , 1316 - Parque Antártica",18683-600,Lençóis Paulista,SP
535,Centro de Integração da Cidadania - CIC SUL,Não Informado,Não Informado,Não Informado,São Paulo,0,Não Informado,São Paulo,0.0,110V,"Rua José Manoel Camisa Nova , 100 - Jardim São Luís",05822-015,São Paulo,SP
536,Fórum São Roque II (Anexo Fiscal) (Desativado),(11) 2550-5230,Não Informado,Não Informado,Não Informado,0,Não Informado,Não Informado,,Não Informado,"Av. John Fitzgerald Kennedy , 360 - Centro",18130-510,São Roque,SP
537,Fórum Indaiatuba V - (CEJUSC),(19) 3837-8509,Não Informado,Não Informado,Itu,0,Entrância Final,Indaiatuba,78.26,220V,"Rua Eurico Primo Venturini , s/nº - Jd. Pedroso (email: cejusc.indaiatuba@tjsp.jus.br)",13343-000,Indaiatuba,SP
538,Fórum Araraquara III - (CEJUSC),(16) 3301-7322,Não Informado,Não Informado,Araraquara,0,Entrância Final,Araraquara,250.99,110V,"Av. D.  Pedro  II , 764 - Centro",14801-040,Araraquara,SP
539,Fórum Monte Alto III - Juizado Especial Cível,(16) 2145-5355,Não Informado,Não Informado,Jaboticabal,0,Entrância Inicial,Monte Alto,318.14,110V,"R. Nhonhô do Livramento , 1337 - Centro",15910-000,Monte Alto,SP
540,Fórum Monte Alto II da 1ª Vara,Não Informado,Não Informado,Não Informado,Jaboticabal,2,Entrância Inicial,Monte Alto,318.14,110V,"Pça da Bandeira , 17 - Centro",15910-000,Monte Alto,SP
541,CEJUSC - Judiapeba,(11) 4723-2254,Não Informado,Não Informado,Não Informado,0,Não Informado,Não Informado,,Não Informado,"Alameda Santo Ângelo esquina com Rua Pedro Paulo dos Santos , s/n - Jundiapeba",08750-510,Mogi das Cruzes,SP
542,Z-Fórum Guarulhos VI (Fazenda e VEC) [desativado],Não Informado,Não Informado,Não Informado,Não Informado,0,Não Informado,Não Informado,,Não Informado,"Desativado , 00 - Vila das Palmeiras",07013-131,Guarulhos,SP
543,Z - Fórum Guarulhos (Varas da Infância e Juventude) [desativado],Não Informado,Não Informado,Não Informado,Não Informado,0,Não Informado,Não Informado,,Não Informado,"Rua Presidente Prudente , 69 - Jardim São Paulo",07110-140,Guarulhos,SP
544,Z - Fórum Guarulhos (JECRIM e VARA DE VIOLÊNCIA DOMÉSTICA) [desativado],Não Informado,Não Informado,Não Informado,Não Informado,0,Não Informado,Não Informado,,Não Informado,"Rua Ipê , 83 - Centro",07090-130,Guarulhos,SP
545,Fórum Itu IV - (CEJUSC) (Desativado),(11) 4024-9500,Não Informado,Não Informado,Não Informado,0,Não Informado,Não Informado,,Não Informado,"Avenida Tiradentes , 1817 - Parque Industrial",13309-640,Itu,SP
546,Fórum Santa Cruz do Rio Pardo (CEJUSC) [Inativado],(14) 2227-1354,Não Informado,Não Informado,Não Informado,0,Não Informado,Não Informado,,Não Informado,"Pça Dr. Pedro Cesar Sampaio , 31 - Centro",18900-027,Santa Cruz do Rio Pardo,SP
547,Desembargador Lourenço Agostinho Abbá Filho,(19) 2142-3352,Não Informado,louveiraadm@tjsp.jus.br,Jundiaí,2,Entrância Inicial,Louveira,60.61,220V,"Rua Antonio Schiamanna , 126 - Vila Nova",13290-024,Louveira,SP
548,Fórum Mogi Mirim III (Juizado),(19) 3804-4333,Não Informado,Não Informado,Não Informado,0,Não Informado,Não Informado,,Não Informado,"Av. 22 de Outubro , 136 - Jardim Santa Helena",13806-050,Mogi Mirim,SP
549,Bela Cintra - SGP 4 E SGP 5,Não Informado,Não Informado,Não Informado,Não Informado,0,Não Informado,Não Informado,,Não Informado,"Rua Bela Cintra , 151 - Consolação",01415-001,São Paulo,SP
550,Fórum (Segundo Prédio),Não Informado,Não Informado,Não Informado,Ourinhos,0,Entrância Inicial,Chavantes,318.89,110V,"Rua Cel. Julio Silva , 365 - Centro",18970-029,Chavantes,SP
551,Prédio do Setor das Execuções Fiscais,(11) 2184-1201,Não Informado,Não Informado,Guarulhos,0,Entrância Inicial,Mairiporã,25.95,110V,"Rua Laudemiro Ramos , 180 - Vila Nova",07600099,Mairiporã,SP
552,Centro Judiciário de Solução de Conflitos e Cidadania da Comarca de Lençóis Pta.,(14) 3264-4051,Não Informado,Não Informado,Bauru,0,Entrância Intermediária,Lençóis Paulista,245.22,110V,"Rua Anita Garibaldi , 797 - Centro",18682-043,Lençóis Paulista,SP
553,Fórum Monte Aprazível (Juizado Especial Cível e Criminal),(17) 3275-3445,(17) 3275-1705,Não Informado,São José do Rio Preto,1,Entrância Inicial,Monte Aprazível,442.31,110V,"R. Monteiro Lobato , 536 - Centro",15500000,Monte Aprazível,SP
554,Fórum Desembargador Alcides de Almeida Ferrari,(14) 3112-2083,Não Informado,botucatuadm@tjsp.jus.br,Botucatu,7,Entrância Final,Botucatu,198.97,110V,"Praça Iole Dinucci Fernandes , s/nº - Jardim Rivieira",18606-572,Botucatu,SP
555,Fórum Rio Claro IV - (Arquivo Geral),Não Informado,Não Informado,Não Informado,Não Informado,0,Não Informado,Não Informado,,Não Informado,"Avenida 5 , 1.206 - Vila do Rádio",13500-380,Rio Claro,SP
556,Fórum Porto Ferreira II - (Execuções Fiscais),(19) 2156-9052,Não Informado,Não Informado,Pirassununga,0,Entrância Inicial,Porto Ferreira,207.25,220V,"Rua Luiz Gama , 74 - Centro",13660-047,Porto Ferreira,SP
557,Fórum Mirandópolis (Juizado Especial Cível e Criminal),(18) 2175-5901,Não Informado,Não Informado,Andradina,1,Entrância Inicial,Mirandópolis,531.92,220V,"Rua Ana Luiza da Conceição , 638 - Centro",16800-000,Mirandópolis,SP
558,X-Anexo do Juizado Especial Cível da Lapa (UMC) - Desativado,(11) 3649-5164,Não Informado,Não Informado,Não Informado,0,Não Informado,Não Informado,,Não Informado,"Av. Imperatriz Leopoldina , 585 - Vila Leopoldina",05305-010,São Paulo,SP
559,Prédio Administrativo da Glória,Não Informado,(11) 2838-4894,admgloria@tjsp.jus.br,São Paulo,1,Não Informado,São Paulo,0.0,110V,"Rua da Glória , 459 - Liberdade",01510001,São Paulo,SP
560,JUIZADO ESPECIAL CÍVEL E CRIMINAL DE PIRAJU,(14) 3352-6851,Não Informado,Não Informado,Ourinhos,1,Entrância Inicial,Piraju,283.22,110V,"Praça Joaquim Antonio de Arruda , 126 - Centro",18800-049,Piraju,SP
561,Tribunal de Justiça da Comarca de Ribeirão Preto - Prédio do DARAJ 6 -Desativado,(16) 3238-8006,Não Informado,Não Informado,Não Informado,0,Não Informado,Não Informado,,Não Informado,"Rua Luiz Barizon , 95 - Jardim Nova Aliança Sul",14027080,Ribeirão Preto,SP
562,CEJUSC - Presidente Venceslau,(18) 2145-1313,Não Informado,Não Informado,Não Informado,0,Não Informado,Não Informado,,Não Informado,"Avenida Faustino Rodrigues Azenha , 1500 - Jd Europa",19400-117,Presidente Venceslau,SP
563,Fórum São José do Rio Preto  [desativado],(17) 3234-3983,Não Informado,Não Informado,Não Informado,0,Não Informado,Não Informado,,Não Informado,"Rua XV de Novembro , 3635 - Centro",15015-110,São José do Rio Preto,SP
564,Prédio do CEJUSC CENTRAL (Barra Funda),Não Informado,Não Informado,Não Informado,Não Informado,0,Não Informado,Não Informado,,Não Informado,"Rua Barra Funda , 930 - Barra Funda",01152-000,São Paulo,SP
565,Fórum Pederneiras II (CEJUSC),(14) 2212-8951,(14) 2212-8601,Não Informado,Jaú,0,Entrância Inicial,Pederneiras,256.21,110V,"Av. Bernardino Flora Furlan , 1630 - Parque Industrial Toufik Rachid Razuk",17284-620,Pederneiras,SP
566,Fórum Bauru IV - DARAJ - SAS - IMESC - DEECRIM - Aud.Custódia,Não Informado,Não Informado,Não Informado,Bauru,2,Entrância Final,Bauru,283.65,110V,"Rua Amazonas , 1-41 - Jardim Paulistano",17030-570,Bauru,SP
567,Fórum Bauru V - Psicossocial [DESATIVADO],Não Informado,(14) 3232-1953,Não Informado,Não Informado,0,Não Informado,Não Informado,,Não Informado,"Rua Marcondes Salgado , 4-59 - Centro",00000000,Bauru,SP
568,Fórum Taquaritinga III ( CEJUSC ),(16) 3253-9830,Não Informado,Não Informado,Jaboticabal,0,Entrância Inicial,Taquaritinga,305.93,110V,"Rua Duque de Caxias , 267 - Centro",15900-017,Taquaritinga,SP
569,Fórum Guaratinguetá III (Execuções Fiscais) [DESATIVADO],(12) 2124-9423,(12) 2124-9423,Não Informado,Não Informado,0,Não Informado,Não Informado,,Não Informado,"Av. João Pessoa , 196 - Pedregulho",12515010,Guaratinguetá,SP
570,Fórum Presidente Prudente [desativado],Não Informado,Não Informado,Não Informado,Não Informado,0,Não Informado,Não Informado,,Não Informado,"Av. Miguel Damha , 225 - Parque Residencial Damha",19053681,Presidente Prudente,SP
571,Fórum Vinhedo II - Execução Fiscal,(19) 3399-8901,Não Informado,Não Informado,Jundiaí,0,Entrância Intermediária,Vinhedo,67.2,220V,"Rua da Formiga , 375 - Jardim Brasil",13289-086,Vinhedo,SP
572,Fórum Vinhedo III - CEJUSC,(19) 3826-7575,Não Informado,Não Informado,Jundiaí,0,Entrância Intermediária,Vinhedo,67.2,220V,"Rua Humberto Pescarini , 301 - Centro",13280-085,Vinhedo,SP
573,Juizado Especial Cível da Comarca de Valparaíso,(18) 3401-8503,Não Informado,Não Informado,Araçatuba,0,Entrância Inicial,Valparaíso,505.76,110V,"Av. Nove de Julho , 346 - Centro",16880000,Valparaíso,SP
574,Fórum Araçatuba III - DARAJ,(18) 3303-3001,Não Informado,daraj2@tjsp.jus.br,Não Informado,0,Não Informado,Não Informado,,Não Informado,"Praça Doutor Maurício Martins Leite , 60 - Vila São Paulo",16015-600,Araçatuba,SP
575,Fórum Arujá II,(11) 2192-2803,(11) 2192-2805,arujaadm@tjsp.jus.br,Guarulhos,1,Entrância Intermediária,Arujá,36.3,110V,"Rua Albino Rodrigues Neves , 595 - Center Ville",07401-125,Arujá,SP
576,Fórum Arujá IV - Juizado Especial,Não Informado,Não Informado,Não Informado,Não Informado,0,Não Informado,Não Informado,,Não Informado,"Avenida Albino Rodrigues Neves , 680 - Center Ville",07401-125,Arujá,SP
577,Fórum Arujá IV - Execuções Fiscais,(11) 2192-2801,(11) 2192-2805,Não Informado,Guarulhos,0,Entrância Intermediária,Arujá,36.3,110V,"Rua Albino Rodrigues Neves , 620 - Center Ville",07401-125,Arujá,SP
578,Fórum Arujá VIII - Cejusc,(11) 4654-3484,(11) 2192-2805,Não Informado,Guarulhos,0,Entrância Intermediária,Arujá,36.3,110V,"R. Albino Rodrigues Neves , 575 - Center Ville",07401-125,Arujá,SP
579,Fórum Arujá VI - Juizado Especial Cível e Criminal,(11) 2192-2807,(11) 2192-2805,Não Informado,Guarulhos,0,Entrância Intermediária,Arujá,36.3,110V,"Rua Albino Rodrigues Neves , 625 - Center Ville",07401-125,Arujá,SP
580,"Fórum São José do Rio Preto II - (Cível, Fazenda e DARAJ 8)",(17) 2137-3784,Não Informado,Não Informado,São José do Rio Preto,16,Entrância Final,São José do Rio Preto,414.42,110V,"Rua Abdo Muanis , 991 - Centro",03591070,São José do Rio Preto,SP
581,Fórum Lins III - CEJUSC,(14) 3511-1519,Não Informado,Não Informado,Lins,0,Entrância Final,Lins,380.62,220V,"Rua Gil Pimentel Moura , 51 - Centro",14600-920,Lins,SP
582,Fórum São Joaquim da Barra III - (Setor Técnico) [desativado],Não Informado,Não Informado,Não Informado,Não Informado,0,Não Informado,Não Informado,,Não Informado,"R. Sergipe , 1094 - Centro",14600000,São Joaquim da Barra,SP
583,COMARCA DE ITUPEVA/SP,(11) 2842-4065,Não Informado,Itupevaadm@tjsp.jus.br,Jundiaí,0,Entrância Inicial,Itupeva,61.52,220V,"Avenida Brasil , 1765, equina c/ Rua Arnaldo Zumstein - Jardim Brasil",13296082,Itupeva,SP
584,Fórum Caraguatatuba (CEJUSC),(12) 3203-1927,Não Informado,Não Informado,Caraguatatuba,0,Entrância Final,Caraguatatuba,124.88,220V,"Avenida Rio Grande do Sul , 1815 - Indaiá",11665-030,Caraguatatuba,SP
585,Fórum Presidente Epitácio II (CEJUSC),Não Informado,Não Informado,Não Informado,Presidente Venceslau,0,Entrância Inicial,Presidente Epitácio,596.24,220V,"Avenida Sobrasil , 2-35 - Pátio da Fepasa",19470-094,Presidente Epitácio,SP
586,Fórum Itanhaém II (CEJUSC),(13) 3422-1818,Não Informado,Não Informado,Não Informado,0,Não Informado,Não Informado,,Não Informado,"Rua Professora Dinorah Cruz , 21 - Centro",11740-000,Itanhaém,SP
587,Fórum Andradina II (SAF e JECC) [DESATIVADO],(18) 2122-2358,(18) 98169-5471,Não Informado,Não Informado,0,Não Informado,Não Informado,,Não Informado,"R. São Paulo , 957 - Centro",16901-009,Andradina,SP
588,Fórum de Santana de Parnaíba I,(11) 4322-9839,Não Informado,santanaprnbadm@tjsp.jus.br,Osasco,6,Entrância Final,Santana de Parnaíba,30.99,110V,"Rua Professor Eugênio Teani , 215 - Jardim Professor Benoá",06502-025,Santana de Parnaíba,SP
589,Fórum I de Franca,(16) 2103-9144,Não Informado,francaadm@tjsp.jus.br,Franca,13,Entrância Final,Franca,343.73,110V,"Av. Presidente Vargas , 2.650 - Jardim Dr. Antonio Petraglia",14402-000,Franca,SP
590,Direito Privado - Conselheiro Furtado 503,(11) 4322-9255,Não Informado,Não Informado,Não Informado,0,Não Informado,Não Informado,,Não Informado,"Rua Conselheiro Furtado , 503/511 - Centro",01511-000,São Paulo,SP
591,Fórum da Comarca de São Sebastião da Grama,(19) 3646-1083,(19) 3646-1573,Não Informado,Casa Branca,0,Entrância Inicial,São Sebastião da Grama,205.14,220V,"Praça São Sebastião , n/c - Centro",13790000,São Sebastião da Grama,SP
592,Fórum Votuporanga III - (CEJUSC),(17) 99665-6906,Não Informado,Não Informado,Votuporanga,0,Entrância Final,Votuporanga,488.94,110V,"Av. Prefeito Mário Pozzobon , 2863 - Parque Industrial I  UNIFEV",15503-021,Votuporanga,SP
593,Fórum Pederneiras (Desativado),Não Informado,(14) 3252-2547,Não Informado,Não Informado,0,Não Informado,Não Informado,,Não Informado,"RUA Dr.Fausto Furlani , 0-783 - Jardim Alvorada",17280-528,Pederneiras,SP
594,Fórum Pederneiras III (Arquivo Geral de Móveis),Não Informado,(14) 2212-8601,Não Informado,Jaú,0,Entrância Inicial,Pederneiras,256.21,110V,"R. EliazarR Braga , 331 - Centro",17280-023,Pederneiras,SP
595,Tribunal de Justiça - [desativado],Não Informado,Não Informado,Não Informado,São Paulo,1,Não Informado,São Paulo,0.0,110V,"R. São Paulo , 0 - Centro",03591-070,São Paulo,SP
596,Fórum Catanduva III - (CEJUSC),(17) 3521-3406,Não Informado,Não Informado,Catanduva,0,Entrância Final,Catanduva,359.94,110V,"Rua Alagoas , 519 - Centro",15801-310,Catanduva,SP
597,Fórum de Santa Adélia III (Arquivo),(17) 3571-8172,Não Informado,Não Informado,Não Informado,0,Não Informado,Não Informado,,Não Informado,"Praça Adhemar de Barros , 40 - Centro",15950-000,Santa Adélia,SP
598,Fórum de Santa Adélia II (JEC/Jecrim/Arquivo/Cejusc),(17) 3571-3901,Não Informado,Não Informado,Catanduva,1,Entrância Inicial,Santa Adélia,339.63,110V,"Praça Dr. Adhemar de Barros , 40 - Centro",15950-000,Santa Adélia,SP
599,Fórum IV Mogi das Cruzes (CEJUSC - UMC),(11) 4798-7233,Não Informado,Não Informado,Mogi das Cruzes,0,Entrância Final,Mogi das Cruzes,45.75,220V,"Av. Cândido Xavier de Almeida e Souza , 200, Prédio 3, Térreo, sala 10 - Centro Cívico",08780-210,Mogi das Cruzes,SP
600,Fórum II de Socorro (Juizado Especial Cível e Criminal),Não Informado,Não Informado,Não Informado,Amparo,0,Entrância Inicial,Socorro,106.97,110V,"Étore Mantovani , 551 - Centro",13960-000,Socorro,SP
601,Fórum II de Promissão (Juizado Especial Cível e Criminal),(14) 3542-8703,Não Informado,Não Informado,Lins,1,Entrância Inicial,Promissão,399.32,110V,"Av. Bandeirantes , 695 - Centro",16370-000,Promissão,SP
602,Fórum Salto III (Central de Mandados e Cejusc),(11) 2118-4805,Não Informado,saltosadm@tjsp.jus.br,Itu,0,Entrância Intermediária,Salto,76.83,110V,"Rua Benjamin Constant , 49 - Centro",13320-120,Salto,SP
603,1ª e 2ª VARAS DA FAMÍLIA e CENTRO JUDICIÁRIO DE SOLUÇÃO DE CONFLITOS E CIDADANIA,(13) 3346-7927,Não Informado,Não Informado,Santos,0,Entrância Final,São Vicente,52.4,220V,"Avenida Antônio Emerich , 1416 - Vila São Jorge",11370-000,São Vicente,SP
604,Fórum Desembargador Renato Carlos Mascarenhas (Prédio II),(15) 3414-8756,Não Informado,Não Informado,Sorocaba,0,Entrância Inicial,Pilar do Sul,113.85,110V,"Rua Santo Antônio , 197 - Centro",18185-000,Pilar do Sul,SP
605,Fórum Araras III (CEJUSC na Universidade de Araras - UNAR),(19) 3543-2046,Não Informado,Não Informado,Limeira,0,Entrância Intermediária,Araras,152.98,110V,"Av. Ernani Lacerda de Oliveira , 100 - Parque Sta. Cândida",13603-112,Araras,SP
606,Fórum Atibaia (DESOCUPADO),Não Informado,Não Informado,Não Informado,Não Informado,0,Não Informado,Não Informado,,Não Informado,"Rua Napoleão Ferro , 315 - Alvinópolis",12942-610,Atibaia,SP
607,Fórum Atibaia II (Devolvido a partir de 17.12.2021),Não Informado,Não Informado,Não Informado,Não Informado,0,Não Informado,Não Informado,,Não Informado,"Estrada Municipal Juca Sanches , 400 - Boa Vista",12944-470,Atibaia,SP
609,Fórum Santa Isabel IV - (CEJUSC),(11) 4657-4017,Não Informado,Não Informado,Guarulhos,0,Entrância Inicial,Santa Isabel,49.58,110V,"Praça da Bandeira , 56 - Centro",07500-000,Santa Isabel,SP
610,Fórum II Jaguariúna (Prédio Anexo do Juizado),(19) 3311-1703,(19) 3311-1762,Não Informado,Amparo,0,Entrância Intermediária,Jaguariúna,100.23,110V,"Rua Minas Gerais , 342 - Jardim Dom Bosco (Loteamento Prefeitura)",13911-062,Jaguariúna,SP
611,Fórum II Adamantina (Residência Oficial),Não Informado,(18) 3521-3026,Não Informado,Tupã,0,Entrância Inicial,Adamantina,500.26,110V,"Rua Alameda Navarro de Nadrade , 106 - Centro",17800-000,Adamantina,SP
612,Forum III de Mogi das Cruzes (Fazenda Pública),(11) 4506-1882,Não Informado,Não Informado,Mogi das Cruzes,0,Entrância Final,Mogi das Cruzes,45.75,220V,"Avenida Capitão Manoel Rudge , 474 - Parque Monte Líbano",08780-290,Mogi das Cruzes,SP
613,Fórum Bariri II,(14) 3662-8974,Não Informado,baririadm@tjsp.jus.br,Jaú,0,Entrância Inicial,Bariri,270.85,110V,"Rua Marechal Floriano Peixoto, nº 156 ,  - Centro",17250-081,Bariri,SP
614,Fórum Pindamonhangaba [Arquivo],Não Informado,Não Informado,Não Informado,Não Informado,0,Não Informado,Não Informado,,Não Informado,"Rua Miguel Ângelo Imediato , 140 - Boa Vista",12401030,Pindamonhangaba,SP
615,Complexo Administrativo Patriarca,Não Informado,Não Informado,apremero@tjsp.jus.br,São Paulo,0,Não Informado,São Paulo,0.0,110V,"Rua: Direita , 250/256 - - Sé -",01002-903,São Paulo,SP
616,Foro Regional II - Santo Amaro - Prédio Nações Unidas,(11) 4322-9169,Não Informado,admfrsantoamaro@tjsp.jus.br,São Paulo,27,Não Informado,São Paulo,0.0,220V,"Avenida das Nações Unidas , 22939 - Santo Amaro",04795-100,São Paulo,SP
618,Fórum São Manuel II (Arquivo),Não Informado,Não Informado,Não Informado,Botucatu,0,Entrância Inicial,São Manuel,217.7,110V,"Avenida Irmãs Cintra , 626 - Centro",18650049,São Manuel,SP
619,Fórum II da Comarca de Itápolis (SEF - Setor de Execuções Fiscais) (Desativado),(16) 3263-1799,(16) 3263-1799,Não Informado,Não Informado,0,Não Informado,Não Informado,,Não Informado,"Av. dos Amaros , 283 - Centro",14900-000,Itápolis,SP
620,CEJUSC - Santa Bárbara D'Oeste,(19) 3026-8323,Não Informado,Não Informado,Não Informado,0,Não Informado,Não Informado,,Não Informado,"Praça Dona Carolina , 40 - Jardim Panambi",13450-515,Santa Bárbara d'Oeste,SP
621,Fórum Araçatuba IV - RESIDÊNCIA OFICIAL,(18) 3623-5710,Não Informado,Não Informado,Não Informado,0,Não Informado,Não Informado,,Não Informado,"Rua Pedro de Toledo , 303 - Vila São Paulo",16015-505,Araçatuba,SP
622,Fórum de Rio das Pedras (Juizado Especial Cível e Criminal),(19) 2174-1451,(19) 2174-1452,Não Informado,Piracicaba,2,Entrância Inicial,Rio das Pedras,126.38,110V,"Rua Brasil , 7 - Centro",13390037,Rio das Pedras,SP
623,Fórum de Registro II (SAF e Setor Técnico),(13) 3822-2244,Não Informado,registroadm@tjsp.jus.br,Registro,0,Entrância Final,Registro,161.17,110V,"R. Jerônimo Monteiro Lopes , 104 - Vila São Francisco",11900-000,Registro,SP
624,Fórum Francisco Morato III - Arquivo [Desativado],Não Informado,Não Informado,Não Informado,Não Informado,0,Não Informado,Não Informado,,Não Informado,"Rua Virgilio Martins de Oliveira , 641 - Centro",07901-020,Francisco Morato,SP
625,Fórum Barueri II - (CEJUSC),(11) 3164-1036,Não Informado,Não Informado,Osasco,0,Entrância Final,Barueri,24.81,110V,"Rua Ministro Raphael de Barros Monteiro , 110 - Jardim dos Camargos",06410080,Barueri,SP
626,Fórum II Embu das Artes (Serviço Anexo das Fazendas),(11) 4704-6050,Não Informado,Não Informado,Não Informado,0,Não Informado,Não Informado,,Não Informado,"Av. João Batista Medina , 417 - Vila Salim",06840-000,Embu das Artes,SP
627,FÓRUM JALES - PRÉDIO II,(17) 3624-5824,(17) 2145-9126,jalescolrec@tjsp.jus.br,Jales,0,Entrância Final,Jales,543.64,110V,"Rua Quinze , 2210 - Centro",15700-038,Jales,SP
628,CEJUSC Atibaia,(11) 4412-3106,Não Informado,Não Informado,Bragança Paulista,0,Entrância Final,Atibaia,48.72,110V,"Rua Bartolomeu Peranovich , 200 - Centro",12940-610,Atibaia,SP
629,Fórum do Juizado Especial Cível Central - II,(11) 2711-7802,Não Informado,admjeccentral@tjsp.jus.br,São Paulo,0,Não Informado,São Paulo,0.0,110V,"Rua Vergueiro , 857 - Vergueiro",01504-001,São Paulo,SP
630,Fórum Agudos (CEJUSC) (Desativado),Não Informado,Não Informado,Não Informado,Não Informado,0,Não Informado,Não Informado,,Não Informado,"Rua Décio Antônio Balestra , 236 - Centro",17120-386,Agudos,SP
631,Fórum Americana (CEJUSC) - UNISAL,Não Informado,(19) 3309-2515,Não Informado,Americana,0,Entrância Final,Americana,114.63,110V,"Av. de Cillo , 3500 - Pq. Universitário",13467-600,Americana,SP
632,Fórum Andradina III - Anexo de Violência Doméstica e Familiar Contra a Mulher,(18) 2122-2358,(18) 98169-5471,Não Informado,Andradina,0,Entrância Final,Andradina,570.27,110V,"Rua Presidente Vargas , 1.461 - Centro",16901-026,Andradina,SP
633,Fórum de Teodoro Sampaio I (JIC e JEC),Não Informado,Não Informado,teodsampaioadm@tjsp.jus.br,Presidente Venceslau,1,Entrância Inicial,Teodoro Sampaio,577.13,110V,"Avenida Manoel Guirado Segura , 2080 - Vila Furlan",19282160,Teodoro Sampaio,SP
634,DARAJ 10,Não Informado,Não Informado,daraj10@tjsp.jus.br,Não Informado,0,Não Informado,Não Informado,,Não Informado,"Rua 28 de outubro , 665 - Alto Boa Vista",18087-080,Sorocaba,SP
635,"Fórum Santa Fé do Sul II - (CEJUSC, JEC e Unidade Avançada)",Não Informado,Não Informado,Não Informado,Jales,0,Entrância Inicial,Santa Fé do Sul,577.5,110V,"Rua 08 , 854 - FUNEC, Campus I (Faculdade de Direito)",03591070,Santa Fé do Sul,SP
636,Fórum Jaboticabal - Prédio II - JECC e Colégio Recursal (Desativado),(16) 2141-9201,Não Informado,Não Informado,Não Informado,0,Não Informado,Não Informado,,Não Informado,"Avenida Bento Vieira , 12 - Jardim Bela Vista",14870-901,Jaboticabal,SP
637,Fórum Jaboticabal - Prédio III - Setor Técnico (Psicossocial) [DESATIVADO],(16) 2141-9051,Não Informado,Não Informado,Não Informado,0,Não Informado,Não Informado,,Não Informado,"Rua Floriano Peixoto , 1223 - Centro",14870-810,Jaboticabal,SP
638,Fórum Santa Fé do Sul IV - (Unid. Dig. Atend. Jud. - Três Fronteiras),(17) 2146-5302,Não Informado,Não Informado,Jales,0,Entrância Inicial,Santa Fé do Sul,577.5,110V,"Manoel de Campos Bicudo, 437 , 437 - Centro",15770-000,Santa Fé do Sul,SP
639,SAAB 2.5.7 - SERVIÇO DE ADMINISTRAÇÃO,(11) 4635-7851,Não Informado,Não Informado,Não Informado,0,Não Informado,Não Informado,,Não Informado,"Rua Carlota Luisa de Jesus , 50 A - Parque São Jorge",03086-060,São Paulo,SP
640,Forum da Comarca de Borborema,Não Informado,Não Informado,Não Informado,Araraquara,0,Entrância Inicial,Borborema,329.53,110V,"Rua Joaquim Martins Carvalho , 676 - Centro",14955061,Borborema,SP
641,FORUM CAÇAPAVA - CRIMINAL / EXECUÇÃO FISCAL - RUA MARQUES DO HERVAL,(12) 3221-5603,(12) 0000-0000,Não Informado,Taubaté,1,Entrância Intermediária,Caçapava,107.09,220V,"Rua Marques do Herval , 269 - Centro",12281-050,Caçapava,SP
642,Fórum de Caieiras II,(11) 4506-1132,Não Informado,caieirassef@tjsp.jus.br,Jundiaí,0,Entrância Intermediária,Caieiras,23.09,110V,"Rua Guadalajara , 93 - Centro",07700-360,Caieiras,SP
643,Fórum Campos do Jordão II - Juizado Especial Civel e Criminal,(12) 2144-1408,Não Informado,Não Informado,Não Informado,0,Não Informado,Não Informado,,Não Informado,"Rua Brigadeiro Jordão , 599 - Abernésia",12460-000,Campos do Jordão,SP
644,Fórum Carapicuíba II - SAF / Arquivo,(11) 2883-8950,Não Informado,Não Informado,Não Informado,0,Não Informado,Não Informado,,Não Informado,"Avenida Miriam , 153 - Centro",06320060,Carapicuíba,SP
645,Fórum Carapicuíba III - Arquivo / Acervo,Não Informado,Não Informado,Não Informado,Não Informado,0,Não Informado,Não Informado,,Não Informado,"Rua Teresinha Morango , 72 - Centro",06328-330,Carapicuíba,SP
646,Fórum Cotia II - Setor Técnico,(11) 4506-1244,Não Informado,Não Informado,Não Informado,0,Não Informado,Não Informado,,Não Informado,"Av. Prof. Manoel José Pedroso, 1830 - Entrada pela Rua Topasio, 585 , 585 - Centro",06717-235,Cotia,SP
647,Fórum Eldorado Paulista II - Administração / Almoxarifado (Inativado),Não Informado,Não Informado,Não Informado,Não Informado,0,Não Informado,Não Informado,,Não Informado,"Av. Marechal Castelo Branco , 137 - Centro",11960-000,Eldorado,SP
648,Fórum Espírito Santo do Pinhal II - Arq.Geral/Cart. Eleitoral/Ass. Social,(19) 2157-1360,Não Informado,Não Informado,São João da Boa Vista,0,Entrância Inicial,Espírito Santo do Pinhal,151.27,110V,"Rua Quirino dos Santos , 130 - Centro",13990-000,Espírito Santo do Pinhal,SP
649,Fórum Fernandópolis IV - Arquivo Geral,Não Informado,Não Informado,Não Informado,Não Informado,0,Não Informado,Não Informado,,Não Informado,"Rua São Paulo , 1237 - Centro",14400-690,Fernandópolis,SP
650,Fórum Guariba II - CEJUSC,(16) 3251-8472,Não Informado,Não Informado,Jaboticabal,0,Entrância Inicial,Guariba,293.16,110V,"Pça Silvio Vaz de Arruda , 190 - Centro",14840-000,Guariba,SP
652,Fórum Jaú I,(14) 3411-1688,Não Informado,Não Informado,Jaú,0,Entrância Intermediária,Jaú,241.08,110V,"Avenida Rodolpho Magnani, s/nº ,  - Centro",17210-100,Jaú,SP
653,Fórum Mogi Guaçu III - CEJUSC [DESATIVADO],(19) 3851-3704,Não Informado,Não Informado,Não Informado,0,Não Informado,Não Informado,,Não Informado,"Rua Francisco Franco Filho , 132 - Jardim Bela Vista",13840-204,Mogi Guaçu,SP
654,Fórum Mogi Mirim II - SEF (Secr. da Fazenda),(19) 3022-8152,Não Informado,Não Informado,Mogi Mirim,1,Entrância Final,Mogi Mirim,128.39,110V,"Rua Marciliano , 359 - Centro",13800-012,Mogi Mirim,SP
655,FORUM DA COMARCA DE NOVA ODESSA II - Arquivo Geral / Depos. de Material,Não Informado,Não Informado,Não Informado,Não Informado,0,Não Informado,Não Informado,,Não Informado,"DESATIVADO , DEVOLVIDO À MUNICIPALIDADE - FEVEREIRO DE 2016",13460-000,Nova Odessa,SP
656,Fórum Osvaldo Cruz II - CEJUSC,Não Informado,Não Informado,Não Informado,Tupã,0,Entrância Inicial,Osvaldo Cruz,477.87,110V,"Avenida Estados Unidos , 480 - Jardim das Bandeiras",17700-000,Osvaldo Cruz,SP
657,Forum de Rancharia III - Depósito,(18) 2199-6251,Não Informado,ranchariaadm@tjsp.jus.br,Não Informado,0,Não Informado,Não Informado,,Não Informado,"Rua Marcilio Dias , 719 - Centro",19600-035,Rancharia,SP
658,Fórum Santa Fé do Sul IV - JEC (Unidade Avançada),Não Informado,Não Informado,Não Informado,Não Informado,0,Não Informado,Não Informado,,Não Informado,"Rua 8 , 865 - Centro",15775-000,Santa Fé do Sul,SP
659,Fórum Sertãozinho II - CEJUSC / SEF,(16) 3521-1254,Não Informado,Não Informado,Ribeirão Preto,1,Entrância Final,Sertãozinho,301.98,110V,"Av. Jorge Abrão , 581 - Shangrilá",14161-170,Sertãozinho,SP
661,Fórum Taboão da Serra III - Arq. das Execuções Fiscais,Não Informado,Não Informado,Não Informado,Itapecerica da Serra,0,Entrância Final,Taboão da Serra,13.35,110V,"Rua Desiderio Ferreira , 41 - Parque Pinheiros",06767-050,Taboão da Serra,SP
663,Forum de Tupã II  - Arquivo Geral [DESATIVADO],Não Informado,Não Informado,Não Informado,Não Informado,0,Não Informado,Não Informado,,Não Informado,"Rua Nhambiquaras , 1731 - centro",17600-060,Tupã,SP
664,Fórum Araçatuba IV - Ofício das Execuções Criminais - DEECRIM,(18) 3303-3007,Não Informado,Não Informado,Não Informado,0,Não Informado,Não Informado,,Não Informado,"Praça Doutor Maurício Martins Leite , 60 - Vila São Paulo",16015-600,Araçatuba,SP
665,Forum Araçatuba V - Serviço de Atendimento Psicossocial,(18) 2102-9051,Não Informado,Não Informado,Araçatuba,0,Entrância Final,Araçatuba,469.04,110V,"Rua Cândido Portinari , 975 - Jardim Nova Iorque",16018-305,Araçatuba,SP
666,Fórum de Queluz II - JIC e JEC Itinerante,Não Informado,Não Informado,Não Informado,Não Informado,0,Não Informado,Não Informado,,Não Informado,"Avenida Siqueira Campos , 285 - Centro",12820-000,Queluz,SP
667,Fórum Arujá VII - Deposito de Material e Arquivo de Processos,(11) 2192-2804,(11) 2192-2805,Não Informado,Guarulhos,0,Entrância Intermediária,Arujá,36.3,110V,"Av. Benedito Manoel dos Santos, , 369 - Perová - Condominio Arujá",07428-205,Arujá,SP
668,Fórum Assis  (Depósito) [Desativado],Não Informado,Não Informado,Não Informado,Não Informado,0,Não Informado,Não Informado,,Não Informado,"Rua João Maldonado , 41 - Centro",19802-320,Assis,SP
669,Forum Santa Isabel [desativado],Não Informado,Não Informado,Não Informado,Não Informado,0,Não Informado,Não Informado,,Não Informado,"Rua João Pessoa , 58 - Centro",07500-000,Santa Isabel,SP
670,Forum da Comarca de Várzea Paulista II - Setor de Execuções Fiscais,(11) 3378-4001,Não Informado,Não Informado,Jundiaí,0,Entrância Inicial,Várzea Paulista,42.29,110V,"Rua Dom Pedro II , 271 - Centro",13320-110,Várzea Paulista,SP
671,Prédio do CEJUSC de Américo Brasiliense [destivado],(16) 3392-1110,Não Informado,Não Informado,Não Informado,0,Não Informado,Não Informado,,Não Informado,"Rua Dom Pedro II , 65 - Centro",14820-000,Américo Brasiliense,SP
672,Fórum Andradina IV - CEJUSC de Andradina [DESATIVADO],(18) 3721-1364,Não Informado,Não Informado,Não Informado,0,Não Informado,Não Informado,,Não Informado,"Rua Treze de Maio , 1182 - Centro",16901-018,Andradina,SP
673,Forum Araçatuba VI - CEJUSC,(18) 3621-3839,Não Informado,Não Informado,Não Informado,0,Não Informado,Não Informado,,Não Informado,"Rua Professora Chiquita Fernandes , 45 - Vila São Paulo",16015-470,Araçatuba,SP
674,Fórum Artur Nogueira (CEJUSC),(19) 3877-1329,Não Informado,Não Informado,Mogi Mirim,0,Entrância Intermediária,Artur Nogueira,121.53,110V,"Rua Nossa Senhora das Dores , 413 - Centro",13160-166,Artur Nogueira,SP
675,Fórum Avaré - II (CEJUSC),Não Informado,(14) 3733-3212,Não Informado,Avaré,0,Entrância Final,Avaré,239.08,110V,"Av. Prefeito Misael Eufrásio Leal , 265 - Centro",18705-050,Avaré,SP
676,Fórum Batatais III - CEJUSC,(16) 3662-2937,Não Informado,Não Informado,Batatais,0,Entrância Final,Batatais,311.16,110V,"Rua Dom Bosco , 466 - Castelo",14300-172,Batatais,SP
677,Fórum II Barra Bonita (CEJUSC),(14) 3641-3810,Não Informado,Não Informado,Jaú,0,Entrância Inicial,Barra Bonita,228.89,110V,"Rua Rio Branco , 395 - Jardim Vista Alegre",17340-122,Barra Bonita,SP
678,Fórum Bauru VI - CEJUSC [DESATIVADO],(14) 3109-4115,Não Informado,Não Informado,Não Informado,0,Não Informado,Não Informado,,Não Informado,"Avenida Moussa Nakhl Tobias , 3-33 - Parque São Geraldo",17021-005,Bauru,SP
679,Fórum II de Botucatu (CEJUSC),(14) 3815-3445,Não Informado,Não Informado,Não Informado,0,Não Informado,Não Informado,,Não Informado,"Rua Dr. Cardoso de Almeida , 1001 - Centro",18600-005,Botucatu,SP
680,Fórum Bragança Paulista III - (CEJUSC),(11) 2454-8030,Não Informado,Não Informado,Bragança Paulista,0,Entrância Final,Bragança Paulista,66.96,110V,"Av. São Francisco de Assis, 218 - Universidade São Francisco - Prédio do Direito - sala 16 , 218 - Jardim São José",12916-350,Bragança Paulista,SP
681,Fórum II Brodowski (CEJUSC),Não Informado,Não Informado,Não Informado,Batatais,0,Entrância Inicial,Brodowski,303.17,110V,"Avenida Champagnat , 335 - Centro",14340-000,Brodowski,SP
682,Fórum Caconde  III -  (CEJUSC - Tapiratiba),(19) 3657-2097,Não Informado,Não Informado,Casa Branca,0,Entrância Inicial,Caconde,224.49,110V,"Praça Dona Esméria Ribeiro do Valle Figueiredo , 62 - Centro",13760-000,Caconde,SP
683,Fórum II Cajamar - (CEJUSC),(11) 3245-8011,Não Informado,Não Informado,Jundiaí,0,Entrância Intermediária,Cajamar,32.56,110V,"Avenida Arnaldo Rojek , 111, sala 02 - Jordanésia",07786-525,Cajamar,SP
685,Fórum II Conchal (CEJUSC),(19) 3866-1197,Não Informado,Não Informado,Mogi Mirim,0,Entrância Inicial,Conchal,146.17,110V,"Avenida Prefeito Nelson Cunha , 101 - São Luiz",13835-000,Conchal,SP
686,Fórum Dracena III - (CEJUSC) (Desativado),(18) 3821-9099,Não Informado,Não Informado,Não Informado,0,Não Informado,Não Informado,,Não Informado,"Avenida Rui Barbosa , 735 - (Faculdade Reges)",17900-157,Dracena,SP
687,Fórum II de Franca (CEJUSC) [DESATIVADO],Não Informado,Não Informado,Não Informado,Não Informado,0,Não Informado,Não Informado,,Não Informado,"Rua Doutor Alcindo Ribeiro Conrado , 1752 - Centro",14400-350,Franca,SP
688,Fórum III de Franca (CEJUSC - Posto),Não Informado,Não Informado,Não Informado,Franca,0,Entrância Final,Franca,343.73,110V,"Avenida Major Nicácio , 2305 - São José",14405-115,Franca,SP
689,Fórum II Garça (CEJUSC),(14) 3737-0293,Não Informado,Não Informado,Marília,0,Entrância Inicial,Garça,343.22,110V,"Avenida Rafael Paes de Barros , 670 - Vila Williams",17402-002,Garça,SP
690,Fórum II Guararema - (CEJUSC),(11) 4693-5594,Não Informado,Não Informado,Mogi das Cruzes,0,Entrância Inicial,Guararema,63.05,110V,"Rua Marcondes Flores , 189 - Centro",08900-000,Guararema,SP
691,Fórum Guaratinguetá IV (CEJUSC),(12) 2103-3036,Não Informado,Não Informado,Guaratinguetá,0,Entrância Final,Guaratinguetá,168.46,110V,"Rua Benedito Sales , 202 - São Benedito",12502-060,Guaratinguetá,SP
692,Fórum Guarulhos III - (CEJUSC I – UAAJ UNIFIG),Não Informado,Não Informado,Não Informado,Guarulhos,0,Entrância Final,Guarulhos,14.13,110V,"Av. São Luiz , 315 - Vila Rosália",07072-000,Guarulhos,SP
693,Fórum Guarujá IV - (CEJUSC),Não Informado,Não Informado,guarujaadm@tjsp.jus.br,Santos,0,Entrância Final,Guarujá,62.8,110V,"Av. Dom Pedro I , 3300 - Enseada (UNAERP)",11440003,Guarujá,SP
694,Fórum Iguape IV - (CEJUSC),(13) 3848-5404,Não Informado,Não Informado,Registro,0,Entrância Inicial,Iguape,159.16,110V,"Rua Antônio José de Moraes , 86 - Centro",11920-000,Iguape,SP
695,Fórum II Itapecerica da Serra (CEJUSC) [Desativado],Não Informado,Não Informado,Não Informado,Não Informado,0,Não Informado,Não Informado,,Não Informado,"Rua Major Matheus Rotger Domingues , 140 - Jardim Santa Izabel",06850-850,Itapecerica da Serra,SP
696,Fórum Itapetininga III (CEJUSC) [DESATIVADO],(15) 3511-2910,Não Informado,Não Informado,Não Informado,0,Não Informado,Não Informado,,Não Informado,"Rua Carlos Cardoso , s/n - Centro",18213540,Itapetininga,SP
697,Fórum II Itapira (CEJUSC),(19) 3863-3708,Não Informado,Não Informado,Não Informado,0,Não Informado,Não Informado,,Não Informado,"Rua Bento da Rocha , 150 - Centro",13970-030,Itapira,SP
698,Fórum III da Comarca de Itápolis (CEJUSC) (Desativado),(16) 3262-7876,Não Informado,Não Informado,Não Informado,0,Não Informado,Não Informado,,Não Informado,"Avenida dos Amaros , 432 - Centro",14900-000,Itápolis,SP
699,Fórum II de Itaquaquecetuba (CEJUSC),(11) 4642-1855,Não Informado,Não Informado,Mogi das Cruzes,0,Entrância Final,Itaquaquecetuba,30.16,110V,"endereço Praça Padre João Alvares , 280 - Centro",08576-015,Itaquaquecetuba,SP
700,Fórum III Jaguariúna (CEJUSC - UniFAJ) - (Sala na Faculdade de Jaguariúna),(19) 3837-8812,Não Informado,Não Informado,Amparo,0,Entrância Intermediária,Jaguariúna,100.23,110V,"Rua Amazonas , 504 - Jardim Dom Bosco (Loteamento Prefeitura)",13911-052,Jaguariúna,SP
701,FÓRUM JALES - PRÉDIO III (CEJUSC),(17) 3632-0141,(17) 2145-9126,Não Informado,Jales,0,Entrância Final,Jales,543.64,110V,"Rua 14 , 2442 - Centro",15700-086,Jales,SP
702,Fórum Jaú II (CEJUSC),(14) 3411-1670,Não Informado,Não Informado,Não Informado,0,Não Informado,Não Informado,,Não Informado,"Avenida Rodolpho Magnani , s/nº - Centro",17210-100,Jaú,SP
703,Fórum II Junqueirópolis (CEJUSC),(18) 3841-3674,Não Informado,Não Informado,Dracena,0,Entrância Inicial,Junqueirópolis,542.09,110V,"Avenida 7 de Setembro , 1237 - Centro",17890-001,Junqueirópolis,SP
704,Fórum III Leme - (CEJUSC) - Desativado,Não Informado,Não Informado,Não Informado,Não Informado,0,Não Informado,Não Informado,,Não Informado,"Rua Antonio Mourão , 549 - Centro",13610-090,Leme,SP
705,FÓRUM DA COMARCA DE LIMEIRA III (CEJUSC),Não Informado,Não Informado,Não Informado,Limeira,0,Entrância Final,Limeira,134.49,110V,"Av. Dr Lauro Correa da Silva , 3800 - Centro",13461-631,Limeira,SP
706,Fórum Marília IV (CEJUSC),(14) 2105-4018,Não Informado,Não Informado,Marília,0,Entrância Final,Marília,370.08,110V,"Avenida Hygino Muzi Filho , 1001 - Bloco 6, - Mirante",17525-000,Marília,SP
707,Fórum II Matão  (Desativado),(16) 3382-4004,Não Informado,Não Informado,Não Informado,0,Não Informado,Não Informado,,Não Informado,"Rua Cesário Motta , 1290 - Vila Santa Cruz",15990-340,Matão,SP
708,CEJUSC - Mirassol,(17) 3243-3864,Não Informado,Não Informado,São José do Rio Preto,0,Entrância Intermediária,Mirassol,424.59,110V,"Rua Floriano Peixoto , 17-50 - Centro",15130-007,Mirassol,SP
709,"Fórum Mogi Mirim III - CEJUSC, JUIZADO ESP.CÍVEL E CRIMINALE COLÉGIO RECURSAL",(19) 3022-7451,Não Informado,Não Informado,Mogi Mirim,1,Entrância Final,Mogi Mirim,128.39,110V,"Av. 22 de Outubro , 136 - Jardim Santa Helena",13800-050,Mogi Mirim,SP
710,Fórum Monte Alto IV (CEJUSC),(16) 3242-7099,Não Informado,Não Informado,Jaboticabal,0,Entrância Inicial,Monte Alto,318.14,110V,"Rua dos Lírios , 256 - Jardim Paraíso",15910-000,Monte Alto,SP
711,Fórum II de Neves Paulista (CEJUSC),Não Informado,Não Informado,Não Informado,Não Informado,0,Não Informado,Não Informado,,Não Informado,"Rua Rui Barbosa , 100 - Centro",15120-000,Neves Paulista,SP
712,Fórum II Novo Horizonte (CEJUSC),(17) 3542-7363,Não Informado,Não Informado,Catanduva,0,Entrância Inicial,Novo Horizonte,352.11,220V,"Rua Cesário de Castilho , 793 - Centro",14960-022,Novo Horizonte,SP
713,Fórum Olímpia V - (CEJUSC),(17) 3279-7610,Não Informado,Não Informado,Barretos,0,Entrância Intermediária,Olímpia,390.85,110V,"Rua Duque de Caxias , 554 - Patrimônio de São João Batista",15400-095,Olímpia,SP
714,Fórum II da Comarca de Orlândia (CEJUSC),(16) 2174-6222,Não Informado,Não Informado,Não Informado,0,Não Informado,Não Informado,,Não Informado,"Avenida 02 , 757 - centro",14620-000,Orlândia,SP
715,Fórum Osasco (CEJUSC),(11) 3683-8950,Não Informado,Não Informado,Osasco,0,Entrância Final,Osasco,15.99,110V,"Avenida dos Autonomistas , 3107 - CENTRO",06090-023,Osasco,SP
716,Fórum ca Comarca de Ouroeste II (CEJUSC),Não Informado,Não Informado,Não Informado,Fernandópolis,0,Entrância Inicial,Ouroeste,551.62,110V,"Rua Brás Cubas , 1315 - Centro",15685-000,Ouroeste,SP
717,Fórum II Panorama (CEJUSC) [Inativado],(18) 3871-3691,Não Informado,Não Informado,Não Informado,0,Não Informado,Não Informado,,Não Informado,"Rua Aurora Francisco de Camargo , 718 - Centro",17980-000,Panorama,SP
718,Fórum II Paulínia (CEJUSC),(19) 3844-0274,(19) 3578-8635,Não Informado,Campinas,0,Entrância Intermediária,Paulínia,102.28,110V,"Avenida Getúlio Vargas , 451 - Nova Paulínia",13140-315,Paulínia,SP
719,X-Fórum II Pereira Barreto (CEJUSC) [desativado],Não Informado,Não Informado,Não Informado,Não Informado,0,Não Informado,Não Informado,,Não Informado,"Rua Francisco Paschoal Netto , 1360 - Centro",15370-000,Pereira Barreto,SP
720,Fórum Piedade III (CEJUSC),(15) 3244-2999,(15) 2102-5902,Não Informado,Sorocaba,0,Entrância Inicial,Piedade,82.71,110V,"Rua Marechal Deodoro da Fonseca , 198 - centro",18170-000,Piedade,SP
721,Fórum Piracicaba V - (CEJUSC) [DESATIVADO],(19) 3372-3100,Não Informado,Não Informado,Não Informado,0,Não Informado,Não Informado,,Não Informado,"Rua bernardino de Campos , 55 - dos Alemães",13417-901,Piracicaba,SP
722,CEJUSC -  Piraju [desativado],(14) 3351-4457,Não Informado,Não Informado,Não Informado,0,Não Informado,Não Informado,,Não Informado,"Rua João Hailer , 837 - Centro",18800-000,Piraju,SP
723,Fórum Poá III (CEJUSC),(11) 4634-3447,Não Informado,Não Informado,Mogi das Cruzes,0,Entrância Intermediária,Poá,29.75,110V,"Av. Pref. Jorge Francisco Correia Allen , 87 - Centro",08562-000,Poá,SP
724,Fórum Porto Ferreira III - (CEJUSC),Não Informado,Não Informado,Não Informado,Não Informado,0,Não Informado,Não Informado,,Não Informado,"Rua Dr. Carlindo Valeriani , 525 - Centro",13660-000,Porto Ferreira,SP
725,Fórum Presidente Prudente II (CEJUSC),(18) 3399-1100,Não Informado,Não Informado,Presidente Prudente,0,Entrância Final,Presidente Prudente,512.04,110V,"Rua Marechal Floriano Peixoto , 342 - Vila Marcondes",19030020,Presidente Prudente,SP
726,Fórum São Manuel III (CEJUSC),Não Informado,Não Informado,Não Informado,Botucatu,0,Entrância Inicial,São Manuel,217.7,110V,"Vicinal Dr. Nilo Lisboa Chavasco , 5000, Bloco A - Faculdade Marechal Rondon",18650-000,São Manuel,SP
727,Fórum Sumaré III - Cejusc,Não Informado,Não Informado,Não Informado,Americana,0,Entrância Final,Sumaré,103.32,110V,"Rua João Francisco Ramos , 35 - não declarado",13170-028,Sumaré,SP
728,Fórum Suzano II - (Cejusc),(11) 4747-6961,Não Informado,Não Informado,Mogi das Cruzes,0,Entrância Final,Suzano,33.13,110V,"Rua Baruel , 126 - Centro",08675-000,Suzano,SP
729,Fórum Taubaté V - (Cejusc),Não Informado,Não Informado,Não Informado,Não Informado,0,Não Informado,Não Informado,,Não Informado,"Rua Alemanha , 179 - Jardim das Nações",12030-430,Taubaté,SP
730,Fórum da Comarca de Tietê II (Cejusc) (Desativado),(15) 3282-7083,Não Informado,Não Informado,Não Informado,0,Não Informado,Não Informado,,Não Informado,"Av. XI de Agosto , 130 - Centro",18530-000,Tietê,SP
731,Forum de Tupã III - Cejusc [DESATIVADO],(14) 3491-3116,Não Informado,Não Informado,Não Informado,0,Não Informado,Não Informado,,Não Informado,"Avenida Doutor Edu Teixeira de Mendonça , 615 - Jardim América",17605-240,Tupã,SP
732,Fórum da Comarca de Urânia II (Cejusc),Não Informado,Não Informado,Não Informado,Jales,0,Entrância Inicial,Urânia,552.82,110V,"Rua Ademar de Barros , 1825 - Nossa Senhora de Fátima",15760-000,Urânia,SP
733,Prédio do CEJUSC I Sorocaba,(15) 3211-1391,Não Informado,Não Informado,Sorocaba,0,Entrância Final,Sorocaba,83.96,110V,"Rua: Eulália da Silva , 318 - Jardim Faculdade",18030-230,Sorocaba,SP
734,Prédio do CEJUSC II Sorocaba – Casa do Cidadão de Brigadeiro Tobias,(15) 3211-1391,Não Informado,Não Informado,Não Informado,0,Não Informado,Não Informado,,Não Informado,"Avenida Bandeirantes , 4155 - não consta",18108-000,Sorocaba,SP
735,Prédio do CEJUSC III Sorocaba – Casa do Cidadão do Éden,(15) 3211-1391,Não Informado,Não Informado,Não Informado,0,Não Informado,Não Informado,,Não Informado,"Rua Bonifácio de Oliveira , 80 - não consta",18103-970,Sorocaba,SP
736,Prédio do CEJUSC IV Sorocaba – Casa do Cidadão de Ipanema,(15) 3211-1391,Não Informado,Não Informado,Não Informado,0,Não Informado,Não Informado,,Não Informado,"Avenida Ipanema , 3439 - não consta",18070-971,Sorocaba,SP
737,Prédio do CEJUSC V Sorocaba – Casa do Cidadão da Itavuvu,(15) 3211-1391,Não Informado,Não Informado,Não Informado,0,Não Informado,Não Informado,,Não Informado,"Avenida Itavuvu , 3415 - não consta",18078-970,Sorocaba,SP
738,Prédio do CEJUSC VI Sorocaba – Casa do Cidadão do Jardim Ipiranga,(15) 3211-1391,Não Informado,Não Informado,Não Informado,0,Não Informado,Não Informado,,Não Informado,"Rua Estado de Israel , 424 - não consta",18055-970,Sorocaba,SP
739,Central de Mandados,Não Informado,Não Informado,Não Informado,Não Informado,0,Não Informado,Não Informado,,Não Informado,"Avenida Rio Grande do Sul , 1815 - Indaiá",11665-030,Caraguatatuba,SP
741,Prédio da Tabatinguera 164,Não Informado,Não Informado,Não Informado,São Paulo,0,Não Informado,São Paulo,0.0,110V,"Rua Tabatinguera , 164 - Centro",01020-000,São Paulo,SP
742,"Fórum Santa Cruz das Palmeiras II (S. Técnico, CEJUSC e Cart. Eleitoral)",(19) 3672-9481,Não Informado,Não Informado,Não Informado,0,Não Informado,Não Informado,,Não Informado,"Rua Santa Cruz , 468 - Centro",13650-013,Santa Cruz das Palmeiras,SP
743,Fórum III  Mongaguá (desativado),Não Informado,Não Informado,Não Informado,Não Informado,0,Não Informado,Não Informado,,Não Informado,"Av. São Paulo , 300 - Vila São Paulo",11730-000,Mongaguá,SP
744,Fórum Ibitinga (Arquivo) III,Não Informado,Não Informado,Não Informado,Não Informado,0,Não Informado,Não Informado,,Não Informado,"Rua Bom Jesus , 628 - Centro",14940-000,Ibitinga,SP
745,Fórum de Campo Limpo Paulista (Anexo),Não Informado,Não Informado,Não Informado,Jundiaí,0,Entrância Intermediária,Campo Limpo Paulista,40.92,220V,"Rua Marechal Deodoro da Fonseca , 530 - Vila Tavares",13230-130,Campo Limpo Paulista,SP
746,Residencia oficial,Não Informado,Não Informado,Não Informado,Barretos,0,Entrância Inicial,Guaíra,398.52,110V,"Av. 13 , 109 - Centro",14790-000,Guaíra,SP
747,Fórum Peruíbe I,Não Informado,Não Informado,Não Informado,Não Informado,0,Não Informado,Não Informado,,Não Informado,"Rua Nilo Soares Ferreira , 185 - Centro",11750-000,Peruíbe,SP
748,Fórum Mococa II (Residência),Não Informado,Não Informado,Não Informado,Casa Branca,0,Entrância Intermediária,Mococa,234.36,110V,"Rua Cap. José de Figueiredo , 191 - Centro",13730050,Mococa,SP
749,Fórum Bastos [desativado],(14) 3478-3001,Não Informado,Não Informado,Não Informado,0,Não Informado,Não Informado,,Não Informado,"Rua Vereador Shigueru Shida , 41 - Jardim Hikari",17690-000,Bastos,SP
750,Fórum Espírito Santo do Pinhal III (CEJUSC),(19) 3651-9612,Não Informado,Não Informado,São João da Boa Vista,0,Entrância Inicial,Espírito Santo do Pinhal,151.27,110V,"Avenida Hélio Vergueiro Leite , s/n - (UNIPINHAL)",13990-000,Espírito Santo do Pinhal,SP
751,Fórum Iacanga III (CEJUSC),(14) 3294-2119,(14) 3294-2119,Não Informado,Araraquara,1,Entrância Inicial,Iacanga,306.62,110V,"Avenida Rui Barbosa , 590 - centro",17180-033,Iacanga,SP
752,Fórum Nova Granada II (CEJUSC),(17) 2176-5954,Não Informado,Não Informado,São José do Rio Preto,1,Entrância Inicial,Nova Granada,434.12,110V,"Av Hildeberto de Albuquerque Ferreira , 1001 - Centro",15440-000,Nova Granada,SP
753,Fórum Santo André II - (CEJUSC) [DESATIVADO],(11) 4427-5617,Não Informado,Não Informado,Não Informado,0,Não Informado,Não Informado,,Não Informado,"Avenida Dom Pedro II , 278 - Jardim",09080-000,Santo André,SP
754,Fórum Santos IV - (CEJUSC) (Desativado),Não Informado,Não Informado,Não Informado,Não Informado,0,Não Informado,Não Informado,,Não Informado,"Rua Amador Bueno , 249 - Centro",11013-153,Santos,SP
755,Fórum São Caetano do Sul II - (CEJUSC),(11) 4239-3366,Não Informado,Não Informado,Santo André,0,Entrância Final,São Caetano do Sul,12.02,110V,"avenida goiás , 3400 - barcelona",09550051,São Caetano do Sul,SP
756,Fórum São Carlos III - (CEJUSC) (Desativado),(16) 2106-8921,Não Informado,Não Informado,Não Informado,0,Não Informado,Não Informado,,Não Informado,"Rua Sorbone , 375 - Centro",13560-760,São Carlos,SP
759,CEJUSC - Taboão da Serra,(11) 4701-0918,Não Informado,Não Informado,Itapecerica da Serra,0,Entrância Final,Taboão da Serra,13.35,110V,"Rua Nair Marquês de Souza , 165 - Jd. Maria Rosa",06763-280,Taboão da Serra,SP
760,CEJUSC - Itatinga,(14) 3848-3039,Não Informado,Não Informado,Botucatu,0,Entrância Inicial,Itatinga,208.15,110V,"Rua São João , 410 - Vila Prete",18690000,Itatinga,SP
761,Fórum Fernandópolis III (CEJUSC),Não Informado,Não Informado,Não Informado,Fernandópolis,0,Entrância Final,Fernandópolis,519.93,110V,"Avenida dos Arnaldos , 1929/1933 - Parque Estoril",15600-306,Fernandópolis,SP
762,Fórum Santa Cruz das Palmeiras II (CEJUSC),(19) 3672-9481,Não Informado,Não Informado,Casa Branca,1,Entrância Inicial,Santa Cruz das Palmeiras,201.42,220V,"Avenida do Café , 665 - Centro",13650-013,Santa Cruz das Palmeiras,SP
763,Fórum Santos V - (Deecrim) (Desativado),Não Informado,Não Informado,Não Informado,Não Informado,0,Não Informado,Não Informado,,Não Informado,"Rua Martim Afonso , 4/10 - Centro",11010-060,Santos,SP
764,Tribunal de Justiça (prov1),Não Informado,Não Informado,Não Informado,Não Informado,0,Não Informado,Não Informado,,Não Informado,"Pça da Sé , s/n - Centro",03000-000,São Paulo,SP
765,Fórum Mirandópolis (Arquivo),Não Informado,Não Informado,Não Informado,Andradina,0,Entrância Inicial,Mirandópolis,531.92,110V,"Praça João XXIII , 135 - Centro",16800-000,Mirandópolis,SP
766,Fórum Cotia II - Arquivo,Não Informado,Não Informado,Não Informado,Itapecerica da Serra,0,Entrância Intermediária,Cotia,29.5,110V,"Rua Jorge Caixe , 306 - Parque Bahia",06716-690,Cotia,SP
767,CEJUSC - Cubatão (SESI),(13) 3365-2117,Não Informado,Não Informado,Não Informado,0,Não Informado,Não Informado,,Não Informado,"Avenida Comendador Francisco Bernardo , 261 - Parque São Luiz",11533-360,Cubatão,SP
768,Fórum Santa Cruz do Rio Pardo (Juizado Especial Cível),(14) 2227-1351,Não Informado,Não Informado,Ourinhos,0,Entrância Intermediária,Santa Cruz do Rio Pardo,314.61,110V,"Pça Dr. Pedro Cesar Sampaio , 31 - Centro",18900-027,Santa Cruz do Rio Pardo,SP
769,X-Fórum Regional IV Lapa IV - CEJUSC [desativado],Não Informado,Não Informado,Não Informado,Não Informado,0,Não Informado,Não Informado,,Não Informado,"Rua Clemente Álvares , 120 - .Lapa",05074-050,São Paulo,SP
770,CEJUSC Jardinópolis II,(16) 3663-0875,Não Informado,Não Informado,Ribeirão Preto,0,Entrância Inicial,Jardinópolis,304.3,110V,"Rua Sete de Setembro , 241 - Centro",14680000,Jardinópolis,SP
771,Fórum II de Mogi das Cruzes - Braz Cubas (Criminal),(11) 2823-8109,Não Informado,Não Informado,Mogi das Cruzes,2,Entrância Final,Mogi das Cruzes,45.75,110V,"Av. Valentina Mello Freire Borenstein , 331 - Vila São Francisco",08735-270,Mogi das Cruzes,SP
772,Fórum José Bonifácio I (Principal),(17) 3245-9601,(17) 3245-9609,josebonifacioadm@tjsp.jus.br,São José do Rio Preto,2,Entrância Inicial,José Bonifácio,418.94,110V,"Av. Monsenhor Ângelo Angioni , 1.000 - Jd. das Palmeiras",15200-000,José Bonifácio,SP
773,Fórum Guarulhos IX - (CEJUSC II),Não Informado,Não Informado,Não Informado,Não Informado,0,Não Informado,Não Informado,,Não Informado,"Rua José de Andrade , 275 - Jd. Santa Francisca",07024-001,Guarulhos,SP
774,Fórum II Rio Grande da Serra,Não Informado,Não Informado,Não Informado,Não Informado,0,Não Informado,Não Informado,,Não Informado,"Rua Agostinho Cardoso , 176 - Vila Figueiredo",09450-000,Rio Grande da Serra,SP
775,Fórum Bragança Paulista IV (Res. Oficial),Não Informado,Não Informado,Não Informado,Não Informado,0,Não Informado,Não Informado,,Não Informado,"Aparício Valle , 195 - Jardim Nova Bragança",12914-460,Bragança Paulista,SP
776,Fórum Bragança Paulista [desativado],Não Informado,Não Informado,Não Informado,Não Informado,0,Não Informado,Não Informado,,Não Informado,"Rua Voluntário Benjamin Capusso , s/n - Vila Bianchi",12910-280,Bragança Paulista,SP
777,Fórum Taubaté V - (Cartório Setor Técnico),(12) 2124-9370,Não Informado,Não Informado,Taubaté,0,Entrância Final,Taubaté,124.73,220V,"Rua Conselheiro Moreira de Barros , 75 - Centro",12010-080,Taubaté,SP
778,Fórum da Comarca de Tietê III (Cartório Eleitoral),(15) 3282-3133,Não Informado,Não Informado,Piracicaba,0,Entrância Inicial,Tietê,120.81,110V,"Rua Lara Campos , 105 - Centro",18530-000,Tietê,SP
779,Fórum Mogi Guaçu IV - Setor Técnico [DESATIVADO],(19) 3019-2551,Não Informado,Não Informado,Não Informado,0,Não Informado,Não Informado,,Não Informado,"Rua Waldomiro Martini , 118 - CENTRO",13840-054,Mogi Guaçu,SP
780,Fórum Regional IV Lapa  - JEC,(11) 2868-6849,Não Informado,Não Informado,Não Informado,0,Não Informado,Não Informado,,Não Informado,"Rua Clemente Álvares , 100 - Lapa",05074-050,São Paulo,SP
781,Fórum I Matão,(16) 3221-1901,Não Informado,mataoadm@tjsp.jus.br,Araraquara,5,Entrância Intermediária,Matão,279.85,110V,"Rua Leandro Bocchi , 560 - Residencial Monte Carlo",15991-152,Matão,SP
782,Fórum III Leme - (CEJUSC),(19) 2133-9014,Não Informado,Não Informado,Não Informado,0,Não Informado,Não Informado,,Não Informado,"RUA BERNARDINO DE CAMPOS , 770 - Centro",13610901,Leme,SP
783,Fórum da Comarca de São Sebastião da Grama (JEC),(19) 3646-3127,Não Informado,Não Informado,Casa Branca,0,Entrância Inicial,São Sebastião da Grama,205.14,220V,"Praça São Sebastião , s/n, sala nº 101 - Centro",13790-000,São Sebastião da Grama,SP
784,Anexo do Juizado Especial Cível da Lapa (UNIP),Não Informado,Não Informado,Não Informado,Não Informado,0,Não Informado,Não Informado,,Não Informado,"Av. Santa Marina , 950 - Água Branca",05036-000,São Paulo,SP
785,Museu do Tribunal de Justiça - GADE 9 de Julho,(11) 4635-9475,(11) 4635-9729,Não Informado,São Paulo,0,Não Informado,São Paulo,0.0,110V,"Rua Conde de Sarzedas , 62/100 - Liberdade",01512-000,São Paulo,SP
786,Fórum São Joaquim da Barra II [desativado],Não Informado,Não Informado,Não Informado,Não Informado,0,Não Informado,Não Informado,,Não Informado,"Praça Magino Diniz Junqueira , 30 - Centro",14600-000,São Joaquim da Barra,SP
787,Fórum Presidente Prudente [desativado],Não Informado,Não Informado,Não Informado,Não Informado,0,Não Informado,Não Informado,,Não Informado,"Avenida Coronel José Soares Marcondes , 3139 - Jardim Bongiovani",19050-230,Presidente Prudente,SP
788,Fórum Dracena IV - (CEJUSC - POSTO AVANÇADO) [Desativado],Não Informado,Não Informado,Não Informado,Não Informado,0,Não Informado,Não Informado,,Não Informado,"Avenida José Bonifácio , 950 - Centro",17900-165,Dracena,SP
790,Fórum Caconde  IV -  (CEJUSC),(19) 3662-2015,Não Informado,Não Informado,Casa Branca,0,Entrância Inicial,Caconde,224.49,110V,"Rua Benedito de Oliveira Santos , 55 - Fundos - Cetnro",13770-000,Caconde,SP
791,Fórum Serra Negra IV - (ARQUIVO e a SADM),(19) 2152-5260,Não Informado,Não Informado,Amparo,0,Entrância Inicial,Serra Negra,104.29,110V,"Praça Barão do Rio Branco , s/nº - Centro",13930-000,Serra Negra,SP
792,Fórum da Comarca de Cesário Lange,(15) 3415-5151,Não Informado,Não Informado,Itapetininga,1,Entrância Inicial,Cesário Lange,139.06,110V,"Rua do Comércio , 691 - Centro",18285-000,Cesário Lange,SP
793,Fórum II Ribeirão Bonito,Não Informado,Não Informado,Não Informado,Não Informado,0,Não Informado,Não Informado,,Não Informado,"Rua João Alves Delfino , 304 - Centro",13580000,Ribeirão Bonito,SP
794,Fórum II Angatuba (Residência Oficial),(15) 3255-9813,Não Informado,Não Informado,Itapetininga,0,Entrância Inicial,Angatuba,181.28,110V,"rua publio de almeida melo , 832 - Centro",18240000,Angatuba,SP
795,Fórum Rio Claro V - (Estacionamento),Não Informado,Não Informado,Não Informado,Rio Claro,0,Entrância Final,Rio Claro,157.95,110V,"Avenida 07 , 606 - Centro",13500370,Rio Claro,SP
796,Fórum Ipaussu III (Terreno),Não Informado,Não Informado,Não Informado,Ourinhos,0,Entrância Inicial,Ipaussu,310.17,110V,"Av. Emília Rodrigues Moraes Leite , 1555 - Centro",18950-500,Ipaussu,SP
797,Fórum II Tupi Paulista,Não Informado,Não Informado,Não Informado,Dracena,0,Entrância Inicial,Tupi Paulista,561.35,110V,"Rua Princesa Isabel , 385 - Centro",17930-000,Tupi Paulista,SP
798,Fórum II Guararapes (Residência Oficial),Não Informado,Não Informado,Não Informado,Não Informado,0,Não Informado,Não Informado,,Não Informado,"Rua Seis de Junho , 604 - Centro",00000000,Guararapes,SP
799,Fórum II Monte Azul Paulista (Residência Oficial),Não Informado,Não Informado,Não Informado,Barretos,0,Entrância Inicial,Monte Azul Paulista,358.9,110V,"Rua Quintino Bocaiuva , 44 - Centro",14730000,Monte Azul Paulista,SP
800,Fórum Maracaí III - Anexo do Ofício  - Seção Criminal,(18) 3371-8601,(18) 3371-8603,maracai@tjsp.jus.br,Assis,1,Entrância Inicial,Maracaí,425.27,220V,"Avenida São Paulo , 424-B - Centro",19840-011,Maracaí,SP
801,Fórum II Birigui (Depósito),Não Informado,Não Informado,Não Informado,Araçatuba,0,Entrância Intermediária,Birigui,456.07,110V,"na Rua Belmont , 962 - Não informado",00000000,Birigui,SP
802,Fórum Bebedouro (Residência Oficial),Não Informado,Não Informado,Não Informado,Barretos,0,Entrância Intermediária,Bebedouro,345.65,110V,"Rua Prudente de Moraes , 850 - Centro",14701130,Bebedouro,SP
803,Fórum Bilac (Residência Oficial),Não Informado,Não Informado,Não Informado,Araçatuba,0,Entrância Inicial,Bilac,460.54,110V,"Praça Oswaldo Martins , 200 - Centro",00000000,Bilac,SP
804,Prédio do Juizado Especial Cível VII Sorocaba – anexo FADI,(15) 3359-9629,Não Informado,Não Informado,Sorocaba,2,Entrância Final,Sorocaba,83.96,110V,"Rua Capitão Nascimento Filho , 76 - Jardim Vergueiro",18030-123,Sorocaba,SP
805,Fórum Ipaussu IV,Não Informado,Não Informado,ipaussuadm@tjsp.jus.br,Ourinhos,3,Entrância Inicial,Ipaussu,310.17,110V,"Praça Dr. Breno de Noronha , 148 - Centro",18950024,Ipaussu,SP
806,Fórum II Cravinhos (Residência Oficial),Não Informado,Não Informado,Não Informado,Ribeirão Preto,0,Entrância Inicial,Cravinhos,269.98,110V,"Avenida Fagundes , 199 - Centro",14140000,Cravinhos,SP
807,Fórum II Santo Anastácio (Residência Oficial) (Desativado),Não Informado,(18) 3263-9602,Não Informado,Não Informado,0,Não Informado,Não Informado,,Não Informado,"Rua Visconde de Mauá , 565 - Centro",19360000,Santo Anastácio,SP
808,Fórum Presidente Bernardes (CEJUSC),(18) 93500-1673,(18) 2144-9001,Não Informado,Presidente Prudente,0,Entrância Inicial,Presidente Bernardes,532.4,110V,"Rua Tebet Jacob , 306 - Centro",19300000,Presidente Bernardes,SP
809,Fórum II Patrocínio Paulista,(16) 3145-9801,Não Informado,Não Informado,Franca,0,Entrância Inicial,Patrocínio Paulista,330.22,110V,"Rua Pio Avelino , 1458 - Centro",00000000,Patrocínio Paulista,SP
810,Fórum Espírito Santo do Pinhal IV (Residência Oficial),Não Informado,Não Informado,Não Informado,São João da Boa Vista,0,Entrância Inicial,Espírito Santo do Pinhal,151.27,110V,"Praça Alvares Florence , 130 - Centro",13990000,Espírito Santo do Pinhal,SP
811,Residência Oficial - cedida para Prefeitura Municipal de Bariri-19ª Zona Eleitor,Não Informado,(14) 3662-3129,Não Informado,Jaú,0,Entrância Inicial,Bariri,270.85,110V,"Rua Francisco de Paula Carvalho , 41 - Não informado",17250-000,Bariri,SP
812,Fórum Suzano III - (Violência Doméstica),(11) 3489-2432,Não Informado,Não Informado,Não Informado,0,Não Informado,Não Informado,,Não Informado,"Av. Paulo Portela S/N - Jardim Paulista - Prédio do Fórum  (sala 42) , S/N - Centro",08675-230,Suzano,SP
813,Fórum III Garça (Residência Oficial),Não Informado,Não Informado,Não Informado,Não Informado,0,Não Informado,Não Informado,,Não Informado,"Rua Maria Helena , 78 - Willians",17400-000,Garça,SP
814,Fórum São Carlos (desativado),Não Informado,Não Informado,Não Informado,Não Informado,0,Não Informado,Não Informado,,Não Informado,"Rua Antonio Rodrigues Cajado , 1777 - Vila Monteiro",13560-291,São Carlos,SP
815,Fórum Poá IV (Desativado e demolido),Não Informado,Não Informado,Não Informado,Mogi das Cruzes,0,Entrância Intermediária,Poá,29.75,110V,"Av. Antonio Massa , 155 - Não informado",08550-350,Poá,SP
816,Fórum V de Franca,Não Informado,Não Informado,Não Informado,Não Informado,0,Não Informado,Não Informado,,Não Informado,"Av. Dr. Ismael Alonso Y. Alonso , 2301 - Jd. Piratininga",14401426,Franca,SP
817,Fórum IV de Franca - Res Oficial (desativado),Não Informado,Não Informado,Não Informado,Não Informado,0,Não Informado,Não Informado,,Não Informado,"R. Major Claudiano , 1372 - Centro",14400690,Franca,SP
818,Fórum São José dos Campos IV (Univap),Não Informado,Não Informado,Não Informado,Não Informado,0,Não Informado,Não Informado,,Não Informado,"Praça Cândido Dias Castejon , 116 - Centro",12245-913,São José dos Campos,SP
819,Fórum São José dos Campos IV (Anexo Unip),Não Informado,Não Informado,Não Informado,São José dos Campos,0,Entrância Final,São José dos Campos,86.77,110V,"Avenida Francisco José Longo , 1320 - Jardim São Dimas",12245-001,São José dos Campos,SP
820,Prédio do CEJUSC VIII Sorocaba - Casa do Cidadão da Nogueira Padilha,(15) 3211-1391,Não Informado,Não Informado,Não Informado,0,Não Informado,Não Informado,,Não Informado,"Av. Nogueira Padilha , 1502 - Vila Hortência",18020-002,Sorocaba,SP
821,Fórum II São Simão (Residência Oficial),Não Informado,Não Informado,Não Informado,Ribeirão Preto,0,Entrância Inicial,São Simão,248.51,110V,"Rua Marechal Deodoro da Fonseca , 553 - Centro",14200-000,São Simão,SP
822,Fórum Francisco Morato IV,Não Informado,Não Informado,francmoratoadm@tjsp.jus.br,Jundiaí,0,Entrância Final,Francisco Morato,31.6,110V,"Rua João Mendes Júnior , 614 - Jardim Professor Francisco Morato",07910-220,Francisco Morato,SP
823,Fórum Itanhaém III (Residência Oficial),Não Informado,Não Informado,Não Informado,Itanhaém,0,Entrância Final,Itanhaém,72.3,110V,"Avenida Demerval Pereira Leite , 164 - Centro",11740-000,Itanhaém,SP
824,Fórum III Novo Horizonte (Juizado Especial Cível e Criminal),(17) 3543-9401,Não Informado,Não Informado,Catanduva,0,Entrância Inicial,Novo Horizonte,352.11,220V,"RUA SETE DE SETEMBRO , 869 - CENTRO",14960-058,Novo Horizonte,SP
825,Fórum Paranapanema III - (Seção de Execução Fiscal),(14) 3713-9608,Não Informado,paranapanemaadm@tjsp.jus.br,Avaré,0,Entrância Inicial,Paranapanema,213.59,110V,"Rua Avaré , 400 - Centro",18720-025,Paranapanema,SP
826,Fórum II Taquarituba (Residência Oficial),(14) 3762-8605,Não Informado,Não Informado,Avaré,0,Entrância Inicial,Taquarituba,265.85,110V,"R. Marechal Deodoro da Fonseca , 393 - Centro",18740-000,Taquarituba,SP
827,Foro Regional II - Santo Amaro - Casa do Advogado,Não Informado,Não Informado,Não Informado,São Paulo,0,Não Informado,São Paulo,0.0,110V,"Rua Alexandre Dumas , 224 - Santo Amaro",00000000,São Paulo,SP
828,Fórum II Ourinhos (Residência Oficial),Não Informado,Não Informado,Não Informado,Não Informado,0,Não Informado,Não Informado,,Não Informado,"Rua Abuassali Abujamra , 11 - Jardim Paulista",19907170,Ourinhos,SP
829,Fórum II Queluz (Arquivo),Não Informado,Não Informado,Não Informado,Guaratinguetá,0,Entrância Inicial,Queluz,221.2,110V,"Rua Prudente de Moraes , 282 - Centro",00000000,Queluz,SP
831,Fórum Assis V - (CEJUSC - UNIP),(18) 3324-7092,Não Informado,Não Informado,Não Informado,0,Não Informado,Não Informado,,Não Informado,"Avenida Otto Ribeiro , 2378 - Jardim Canadá",19814-470,Assis,SP
832,Fórum Assis V - (Depósito),Não Informado,Não Informado,Não Informado,Não Informado,0,Não Informado,Não Informado,,Não Informado,"Rodovia Raposo Tavares , KM 446 - Não informado",00000000,Assis,SP
833,Fórum Fernandópolis IV (Psicólogos e Assist. Social),Não Informado,Não Informado,fernandservisocial@tjsp.jus.br,Fernandópolis,0,Entrância Final,Fernandópolis,519.93,110V,"Rua Brasil , 1220 - Jd. Bela Vista",15612-008,Fernandópolis,SP
834,Forum Arujá III (Setor Técnico),(11) 2192-2811,(11) 2192-2805,Não Informado,Guarulhos,0,Entrância Intermediária,Arujá,36.3,110V,"Rua Albino Rodrigues Neves , 610 - Center Ville",07401125,Arujá,SP
835,Fórum Arujá V (Salão do Júri),(11) 2833-8651,(11) 2192-2805,Não Informado,Guarulhos,0,Entrância Intermediária,Arujá,36.3,110V,"R.Albino Rodrigues Neves , 630 - CenterVille",07401-125,Arujá,SP
836,Fórum II Cruzeiro (Residência Oficial),Não Informado,Não Informado,Não Informado,Guaratinguetá,0,Entrância Intermediária,Cruzeiro,202.42,110V,"Rua Coronel Joaquim do Prado , 477 - Centro",12701-370,Cruzeiro,SP
837,Fórum II Laranjal Paulista (Residência Oficial) (Desativado),(15) 3283-5768,(15) 3383-8654,laranjaladm@tjsp.jus.br,Não Informado,0,Não Informado,Não Informado,,Não Informado,"Rua Conselheiro Antonio Prado, 159 , 159 - Centro",18500-000,Laranjal Paulista,SP
838,Z-Fórum Avaré (Desativado),(14) 3733-8989,Não Informado,Não Informado,Não Informado,0,Não Informado,Não Informado,,Não Informado,"Rua Abílio Garcia , 527 - Villa Jussara Maria",18706-040,Avaré,SP
839,Fórum Igarapava - Residência Oficial,Não Informado,Não Informado,Não Informado,Não Informado,0,Não Informado,Não Informado,,Não Informado,"Avenida Maciel , 763 - Centro",14540-000,Igarapava,SP
840,Fórum Iguape III - (Residência Oficial),Não Informado,Não Informado,Não Informado,Registro,0,Entrância Inicial,Iguape,159.16,110V,"Rua Major Rebelo , 705 - Centro",11920-000,Iguape,SP
841,Fórum II Descalvado (Residência Oficial),Não Informado,Não Informado,Não Informado,São Carlos,0,Entrância Inicial,Descalvado,208.75,110V,"Rua 24 de Outubro , 483 - Centro",13690-000,Descalvado,SP
842,Residência Oficial,Não Informado,Não Informado,Não Informado,Não Informado,0,Não Informado,Não Informado,,Não Informado,"Rua Vicente Trindade , 75 - Centro",18870-007,Fartura,SP
843,Forum Araçatuba VI - TERRENO,Não Informado,Não Informado,Não Informado,Araçatuba,0,Entrância Final,Araçatuba,469.04,110V,"Avenida Brasilia , 1166 - Não informado",16015-535,Araçatuba,SP
844,LIMERIA (Desativado),(19) 3442-9077,Não Informado,Não Informado,Não Informado,0,Não Informado,Não Informado,,Não Informado,"Via Antonio Cruãnes Filho , s/n - Jd Sta Cecília",13480-672,Limeira,SP
845,Fórum II Mirante do Paranapanema (Residência Oficial),Não Informado,Não Informado,Não Informado,Não Informado,0,Não Informado,Não Informado,,Não Informado,"Rua Zil Brasil , 1002 - Não informado",19260-000,Mirante do Paranapanema,SP
846,Fórum Brotas - Desativado,Não Informado,Não Informado,Não Informado,Não Informado,0,Não Informado,Não Informado,,Não Informado,"Rua Elyseu Lourenção , 304 - Não informado",17380-000,Brotas,SP
847,Fórum Orlândia [Residência Oficial],Não Informado,Não Informado,Não Informado,Não Informado,0,Não Informado,Não Informado,,Não Informado,"Rua Quatro , 230 - centro",14620-000,Orlândia,SP
848,Fórum Caraguatatuba V (Em construção),(12) 3882-3099,Não Informado,Não Informado,Não Informado,0,Não Informado,Não Informado,,Não Informado,"Avenida Rio Grande do Sul , QUADRA 163 - Indaiá",11665-030,Caraguatatuba,SP
849,Fórum Barueri i - (Prédio Novo),(11) 4635-5261,Não Informado,Não Informado,Osasco,10,Entrância Final,Barueri,24.81,110V,"Rua Desembargador Celso Luiz Limongi , 84 - Vila Porto",06414-140,Barueri,SP
850,Foro de Juquitiba,Não Informado,Não Informado,Não Informado,Não Informado,0,Não Informado,Não Informado,,Não Informado,"Avenida 31 de março , 470 - Centro",06950-000,Juquitiba,SP
851,"Fórum São José do Rio Preto III - (Família, JEC e Infância)",(17) 3354-3918,Não Informado,Não Informado,São José do Rio Preto,7,Entrância Final,São José do Rio Preto,414.42,110V,"Rua Tupi , 765 - Chacara Municipal",15090-500,São José do Rio Preto,SP
852,Fórum Indaiatuba VI - (Residência Oficial) (Inativado),(19) 3309-2727,Não Informado,Não Informado,Não Informado,0,Não Informado,Não Informado,,Não Informado,"Rua Siqueira Campos, 169 , 169 - Vila Sfeir",13330-290,Indaiatuba,SP
853,Fórum Araras IV (CEJUSC),Não Informado,Não Informado,Não Informado,Limeira,0,Entrância Intermediária,Araras,152.98,110V,"Av. Irineu Carroci , s/nº - José Ometto II",00000-000,Araras,SP
854,Fórum Cafelândia II - (JEC e CEJUSC),(14) 3554-9801,Não Informado,Não Informado,Lins,1,Entrância Inicial,Cafelândia,361.56,110V,"Praça Beraldo Arruda , 66 - Centro",16500029,Cafelândia,SP
856,Fórum III Adamantina - UAAJ - FAC. ADAM. INTEGRADAS,(18) 3522-2864,Não Informado,Não Informado,Tupã,0,Entrância Inicial,Adamantina,500.26,110V,"Av. Adhemar de Barros , 130 - Centro",17800-000,Adamantina,SP
857,Fórum Andradina V - Anexo do Juizado de Andradina - UAAJ - CASTILHO,(18) 2122-2358,(18) 98169-5471,Não Informado,Andradina,0,Entrância Final,Andradina,570.27,110V,"R. Padre Claro , 741 - Castilho",00000-000,Andradina,SP
858,Fórum II da Comarca de Quatá (Cartório Eleitorial),(18) 3366-3280,Não Informado,Não Informado,Assis,0,Entrância Inicial,Quatá,440.43,110V,"Av. Rodolpho Sebastião Giorgi , 578 - Centro",19780-000,Quatá,SP
859,Fórum III Barretos (Anexo do Juizado Especial Cível - UNIFEB),Não Informado,Não Informado,Não Informado,Barretos,0,Entrância Final,Barretos,387.59,110V,"Av. Profº. Roberto Frade Monte , 386 - Marieta",14783-226,Barretos,SP
860,Fórum Boituva IV  (UAAJ - Juizado Especial - Iperó),Não Informado,Não Informado,Não Informado,Itu,0,Entrância Inicial,Boituva,109.74,110V,"Rua Costa e Silva , 195 - Centro, Iperó-SP",18560-000,Boituva,SP
861,Fórum Barueri III - (Juizado Especial Cível Digital),Não Informado,Não Informado,Não Informado,Não Informado,0,Não Informado,Não Informado,,Não Informado,"Av. Henriqueta Mendes Guerra , 550 - Centro",06401-160,Barueri,SP
862,Fórum Bebedouro (Anexo do Juizado Especial - UNIFAFIBE),Não Informado,Não Informado,Não Informado,Barretos,0,Entrância Intermediária,Bebedouro,345.65,110V,"Rua Professor Orlando França de Carvalho , 325 - Centro",14701-070,Bebedouro,SP
863,Fórum Conchas III – (Anexo do Juizado - UAAJ - ANHEMBI),Não Informado,Não Informado,Não Informado,Botucatu,0,Entrância Inicial,Conchas,152.43,110V,"Praça Prefeito Ismael Morato do Amaral , 43-fundos - Centro",18620-000,Conchas,SP
864,Fórum Conchas IV – (Anexo do Juizado - UAAJ - PEREIRAS),Não Informado,Não Informado,Não Informado,Botucatu,0,Entrância Inicial,Conchas,152.43,110V,"End.: Rua Lino de Góis , 133 - Centro - Pereiras",18580-000,Conchas,SP
865,Fórum Brotas - Desativado,Não Informado,Não Informado,Não Informado,Não Informado,0,Não Informado,Não Informado,,Não Informado,"Rua José Antunes , 900 - Paço Municipal",17360-000,Brotas,SP
866,Fórum II da Comarca de Paulo de Faria (CEJUSC/JECC),(17) 3292-1286,Não Informado,Não Informado,São José do Rio Preto,1,Entrância Inicial,Paulo de Faria,483.03,110V,"Rua Bom Jesus , 1207 - Centro",15490-000,Paulo de Faria,SP
867,Anexo do JEC - UAAJ - GUAPIARA,(15) 3547-1148,Não Informado,Não Informado,Itapetininga,0,Entrância Intermediária,Capão Bonito,181.59,110V,"Rua Seabra do Amaral , 260 - Centro - Guapiara",18310-000,Capão Bonito,SP
868,Fórum Fernandópolis V (UNIV. BRASIL (Antiga UNICASTELO) – CAMPUS VII,Não Informado,Não Informado,Não Informado,Fernandópolis,0,Entrância Final,Fernandópolis,519.93,110V,"End.: Estrada Projetada F-1 , S/N - Fazenda Santa Rita",00000-000,Fernandópolis,SP
869,Fórum Cafelândia III - (JEC - UAAJ - JÚLIO MESQUITA ),(14) 3554-9801,Não Informado,Não Informado,Lins,1,Entrância Inicial,Cafelândia,361.56,110V,"Rua Victor Francisco de Souza , 105 - Júlio Mesquita",17550-000,Cafelândia,SP
870,Comarca de Itirapina II (Anexo do JEC - UAAJ - ANALÂNDIA),Não Informado,Não Informado,Não Informado,Não Informado,0,Não Informado,Não Informado,,Não Informado,"Av. 01 , 322 - Centro – Analândia",13550-000,Itirapina,SP
871,Fórum Jacupiranga II (Anexo do JEC – Barra do Turvo) (inativado),Não Informado,(13) 3864-1021,Não Informado,Não Informado,0,Não Informado,Não Informado,,Não Informado,"Av. Firmino Pedroso dos Santos , 440 - Boa Esperança – Barra do Turvo",11955-000,Jacupiranga,SP
872,Fórum Jundiaí III - (Anexo do JEC – FACULD. DIREITO PE. ANCHIETA),Não Informado,Não Informado,Não Informado,Jundiaí,0,Entrância Final,Jundiaí,47.55,110V,"Rua Marcílio Dias , 399 - Bela Vista",13207-740,Jundiaí,SP
873,Fórum IV Leme - (Anexo do JEC - UNIFIAN),(19) 3573-8617,Não Informado,Não Informado,Pirassununga,0,Entrância Intermediária,Leme,170.0,220V,"Rua Waldemar Silenci , 340 - Cidade Jardim",13614-370,Leme,SP
874,Fórum Itapeva II - (Anexo do JEC - UAAJ - FAIT),Não Informado,Não Informado,Não Informado,Itapeva,0,Entrância Final,Itapeva,232.99,110V,"Rodovia Francisco Alves Negrão , SP 258 – km 285, Bloco 1 - Pilão D’Água",18412-000,Itapeva,SP
875,Fórum São Bernardo do Campo II (Anexo do JEC - FDSBC),Não Informado,Não Informado,Não Informado,Não Informado,0,Não Informado,Não Informado,,Não Informado,"Rua Java , 425 - Jardim do Mar",09750-650,São Bernardo do Campo,SP
876,Fórum Jaú III (Anexo do JEC - FJAU),(14) 2104-3422,Não Informado,Não Informado,Jaú,0,Entrância Intermediária,Jaú,241.08,110V,"Av. João Ferraz Neto , 150 - Centro",17207-330,Jaú,SP
877,Fórum de Santana de Parnaíba II (Anexo do JEC – UNIP ALPHAVILLE),(11) 4152-8841,Não Informado,Não Informado,Não Informado,0,Não Informado,Não Informado,,Não Informado,"Av. Yojiro Takaoka , 3500 - Alphaville",06541-038,Santana de Parnaíba,SP
878,Cartório Anexo do Juizado Especial Cível - UNIFEOB.,(19) 3634-3398,Não Informado,Não Informado,São João da Boa Vista,0,Entrância Final,São João da Boa Vista,176.35,220V,"Rua RIACHUELO , 571 - Centro",13870234,São João da Boa Vista,SP
879,Fórum Rio Claro VI - (Anexo do JEC - UAAJ - IPEÚNA) (Desativado),(19) 3576-1590,Não Informado,Não Informado,Não Informado,0,Não Informado,Não Informado,,Não Informado,"Rua Um , 275 - Centro - Ipeúna",13537-000,Rio Claro,SP
880,Posto Iracemápolis - Cejusc de Limeira - Foro de Limeira,Não Informado,Não Informado,Não Informado,Limeira,0,Entrância Final,Limeira,134.49,110V,"Rua Zaira Paggiaro Ometto , 555 - Parque Cesarino Borba - Iracemápolis",13495-000,Limeira,SP
881,Fórum Taubaté VI - (Anexo do JEC - UNITAU),Não Informado,Não Informado,Não Informado,Taubaté,0,Entrância Final,Taubaté,124.73,220V,"Parque Dr. Barbosa de Oliveira , 285 - Centro",12020-190,Taubaté,SP
882,Fórum São Manuel IV (Anexo do JEC - UAAJ - AREIÓPOLIS),Não Informado,Não Informado,Não Informado,Botucatu,0,Entrância Inicial,São Manuel,217.7,110V,"Rua Paulo Lourenço Siqueira , 232 - Vila Cremer",00000-000,São Manuel,SP
883,Fórum da Comarca de Ouroeste III (Anexo do JEC - UAAJ - INDIAPORÃ),Não Informado,Não Informado,Não Informado,Fernandópolis,0,Entrância Inicial,Ouroeste,551.62,110V,"Rua Theodoro José de Souza , 1255 - Centro - Indiaporã",15690-000,Ouroeste,SP
884,Fórum Iepê II (Anexo do JEC - Nantes),(18) 3268-8800,Não Informado,Não Informado,Presidente Prudente,0,Entrância Inicial,Iepê,464.65,110V,"Rua Siqueira , s/n - Prédio da biblioteca municipal de Nantes",00000-000,Iepê,SP
885,Fórum Olímpia VI - (Anexo do JEC - UAAJ - CAJOBI),(17) 3563-3211,Não Informado,Não Informado,Barretos,0,Entrância Intermediária,Olímpia,390.85,110V,"Rua Antônio Fernandes , 96 - Centro - Cajobi/SP",15410-000,Olímpia,SP
887,Fórum de Teodoro Sampaio II (Anexo do JEC - UAAJ - Euclides da Cunha Paulista),Não Informado,Não Informado,Não Informado,Presidente Venceslau,0,Entrância Inicial,Teodoro Sampaio,577.13,110V,"Av. Antonio Joaquim Mano , 02 - Pátio da Prefeitura",19275-000,Teodoro Sampaio,SP
888,Fórum Porangaba II (Anexo do JEC - UAAJ - BOFETE),Não Informado,Não Informado,Não Informado,Itapetininga,0,Entrância Inicial,Porangaba,157.51,110V,"Praça da Matriz , 151 - Centro - Bofete",18590-000,Porangaba,SP
889,Fórum Porangaba III (Anexo do JEC - UAAJ - GUAREÍ),Não Informado,Não Informado,Não Informado,Itapetininga,0,Entrância Inicial,Porangaba,157.51,110V,"Rua Ugolino de Moraes , 476 - Centro - Guareí",18250-000,Porangaba,SP
890,Fórum IV de Franca,Não Informado,Não Informado,Não Informado,Não Informado,0,Não Informado,Não Informado,,Não Informado,"R. Marrey Júnior , 2421 - São José",00000-000,Franca,SP
891,Fórum IV de Franca (Anexo do JEC - UNESP),Não Informado,Não Informado,Não Informado,Franca,0,Entrância Final,Franca,343.73,110V,"Av. Eufrázia Monteiro Petráglia , 900 - Jd. Dr. Antônio Petráglia",14409-150,Franca,SP
892,Fórum Santos VI - (Anexo do Juizado - UNISANTOS),Não Informado,Não Informado,Não Informado,Santos,0,Entrância Final,Santos,55.26,110V,"Rua Joaquim Nabuco , 09/11 - Vila Mathias",11015-460,Santos,SP
893,Fórum Santos VII - (Anexo do Juizado - UNISANTA),Não Informado,Não Informado,Não Informado,Santos,0,Entrância Final,Santos,55.26,110V,"Rua Osvaldo Cruz , 277 - Boqueirão",11045-101,Santos,SP
895,Fórum Guarulhos IV - (UAAJ - UNIFIG),Não Informado,Não Informado,Não Informado,Não Informado,0,Não Informado,Não Informado,,Não Informado,"Avenida Luiz , 315 - Vila Rosália",07072-000,Guarulhos,SP
896,Fórum V Mogi das Cruzes (Juizado Itinerante - Biritiba Mirim),(11) 4692-9381,Não Informado,Não Informado,Mogi das Cruzes,0,Entrância Final,Mogi das Cruzes,45.75,110V,"Rua do Comércio , 25 - Centro - Biritiba Mirim",08940-000,Mogi das Cruzes,SP
897,Fórum VI Mogi das Cruzes (Universidade Braz Cubas),(11) 4721-1716,Não Informado,Não Informado,Mogi das Cruzes,0,Entrância Final,Mogi das Cruzes,45.75,110V,"Av. Francisco Rodrigues Filho , 1233, sala 1000, Portão 7 - Vila Mogliar",08773-380,Mogi das Cruzes,SP
898,Posto de Atendimento de Inicial do Juizado Especial Cível de Campinas - UNISAL,(19) 3744-6898,Não Informado,Não Informado,Campinas,0,Entrância Final,Campinas,83.55,110V,"atendimento 2ª e 3ª feira - Rua do Oratório , s/n - Jd. São Domingos Sávio",13075140,Campinas,SP
899,Posto de Atendimento de Inicial do Juizado Especial Cível de Campinas FACAMP,(19) 3754-8500,Não Informado,Não Informado,Campinas,0,Entrância Final,Campinas,83.55,110V,"atendimento- 2ªs e 4ªs feiras - Av. Alan Turing , 805 - Cidade Universitária",13089-898,Campinas,SP
900,Fórum Conchas,Não Informado,Não Informado,Não Informado,Botucatu,3,Entrância Inicial,Conchas,152.43,110V,"Av. Gregório Marcos Garcia , 808 - Vila Esporte",18570-000,Conchas,SP
901,Fórum Itaporanga - [Residência Oficial],Não Informado,Não Informado,Não Informado,Não Informado,0,Não Informado,Não Informado,,Não Informado,"Rua Bom Jesus , 650 - Centro",18480000,Itaporanga,SP
902,Fórum Diadema (CEJUSC),(11) 2763-8751,Não Informado,Não Informado,Não Informado,0,Não Informado,Não Informado,,Não Informado,"Avenida Sete de Setembro , 409/413 - Centro",09911260,Diadema,SP
903,Fórum Guarulhos II - (Fórum Cível - Dr. Flávio Cleto Giovanni Trombetti),Não Informado,Não Informado,guarulhosadm@tjsp.jus.br,Guarulhos,24,Entrância Final,Guarulhos,14.13,110V,"Rua dos Crisântemos , 29 - Vila Tijuco",07091-060,Guarulhos,SP
904,Fórum Dracena V - (CEJUSC - POSTO AVANÇADO - 1ª CIA - PM),(18) 3821-3233,Não Informado,Não Informado,Dracena,0,Entrância Intermediária,Dracena,552.86,110V,"Rua Monte Castelo , 886 - Centro",17900-169,Dracena,SP
905,Fórum Barretos - Prédio II,Não Informado,Não Informado,Não Informado,Não Informado,0,Não Informado,Não Informado,,Não Informado,"Rua 14 , 643 - Centro",14780-040,Barretos,SP
906,Fórum Nova Granada III (Residência Oficial),Não Informado,Não Informado,Não Informado,São José do Rio Preto,0,Entrância Inicial,Nova Granada,434.12,110V,"Rua Jansem de Mello , 516 - Centro",15440-000,Nova Granada,SP
907,Fórum III de Socorro (INATIVO),Não Informado,Não Informado,Não Informado,Não Informado,0,Não Informado,Não Informado,,Não Informado,"Rua Cel. Bertoldo Klinger , 12 - Centro",13960-000,Socorro,SP
908,Jardinópolis III (Residência Oficial),Não Informado,Não Informado,Não Informado,Não Informado,0,Não Informado,Não Informado,,Não Informado,"Rua Américo Sales , 810 - Centro",14680000,Jardinópolis,SP
909,Fórum Pompéia II (Residência Oficial),Não Informado,Não Informado,Não Informado,Marília,0,Entrância Inicial,Pompéia,396.1,110V,"Rua Getúlio Vargas , 290 - Centro",17580-000,Pompéia,SP
910,Fórum São Roque III (Residência Oficial),Não Informado,Não Informado,Não Informado,Não Informado,0,Não Informado,Não Informado,,Não Informado,"Rua Padre Marçal , 542 - Centro",00000-000,São Roque,SP
911,Fórum III Cruzeiro (Posto do CEJUSC),Não Informado,Não Informado,Não Informado,Guaratinguetá,0,Entrância Intermediária,Cruzeiro,202.42,110V,"Avenida Jorge Tibiriça , 932 - Centro",12701020,Cruzeiro,SP
912,CENTRO JUDICIÁRIO DE SOLUÇÃO DE CONFLITOS E CIDADANIA DE SÃO SEBASTIÃO,(12) 2163-1856,Não Informado,Não Informado,Caraguatatuba,0,Entrância Intermediária,São Sebastião,127.07,110V,"Rua Emídio Orselli , 333 - Varadouro",00000000,São Sebastião,SP
913,Fórum II Itaberá (CEJUSC),(15) 3562-2007,Não Informado,Não Informado,Itapeva,0,Entrância Inicial,Itaberá,257.0,110V,"Rua Josefina Silva Melo , 211 - Centro",18440000,Itaberá,SP
914,Cejusc,(12) 3103-1044,Não Informado,Não Informado,Guaratinguetá,0,Entrância Inicial,Cachoeira Paulista,193.2,110V,"Rua São Sebastião , 191 - Centro",12630-000,Cachoeira Paulista,SP
915,Fórum I,(12) 2122-6823,Não Informado,Não Informado,Guaratinguetá,0,Entrância Intermediária,Cruzeiro,202.42,110V,"Rua Francisco Marzano , 100 - Vila Celestina",12710440,Cruzeiro,SP
916,Fórum V de Franca (CEJUSC - 5ª Cia do 15º BPM-I),Não Informado,Não Informado,Não Informado,Franca,0,Entrância Final,Franca,343.73,110V,"Avenida Doutor Flávio Rocha , 4281 - Parque dos Pinhais",14405600,Franca,SP
917,Fórum III de Promissão,(14) 3541-1884,Não Informado,Não Informado,Lins,0,Entrância Inicial,Promissão,399.32,110V,"Av. Bandeirantes , 711 - Centro",00000000,Promissão,SP
918,Fórum Macaubal II - (JECC e Psicossocial),Não Informado,Não Informado,Não Informado,São José do Rio Preto,2,Entrância Inicial,Macaubal,458.62,110V,"Rua José Ângelo Chagas , 763 - Centro",15270000,Macaubal,SP
919,Fórum II - São Miguel Arcanjo (JEC/JECrim),(15) 3415-5251,Não Informado,Não Informado,Itapetininga,0,Entrância Inicial,São Miguel Arcanjo,143.33,220V,"Rua Dr. Rui Barbosa , 611 - Centro",18230-000,São Miguel Arcanjo,SP
920,PRÉDIO II - ANEXO,(19) 3309-4360,(19) 3309-4361,Não Informado,Americana,0,Entrância Final,Hortolândia,97.2,110V,"Rua Sebastião Custódio de Oliveira , 20 - REMANSO CAMPINEIRO",13184-507,Hortolândia,SP
922,Fórum Boituva V - (Arquivo JEC),Não Informado,Não Informado,Não Informado,Itu,0,Entrância Inicial,Boituva,109.74,110V,"situado na rua Manoel dos Santos Freire , 224 - Centro",00000-000,Boituva,SP
923,Fórum Pirajuí (Residência Oficial) (Desativado),Não Informado,Não Informado,Não Informado,Não Informado,0,Não Informado,Não Informado,,Não Informado,"Rua Riachuelo , 734 - Centro",16600-029,Pirajuí,SP
924,Fórum Boituva VI - (CEJUSC),Não Informado,Não Informado,Não Informado,Itu,0,Entrância Inicial,Boituva,109.74,110V,"Manoel dos Santos Freire , 550 - Centro",00000-000,Boituva,SP
925,Fórum Iguape IV,(13) 3848-5407,Não Informado,Não Informado,Registro,0,Entrância Inicial,Iguape,159.16,110V,"Rua Antônio José de Moraes , 86 - Centro",11920000,Iguape,SP
926,Presidente Prudente IV,Não Informado,Não Informado,Não Informado,Não Informado,0,Não Informado,Não Informado,,Não Informado,"Rua Francisco Goulart , 216 - Centro",00000-000,Presidente Prudente,SP
927,Fórum II de Jarinu (CEJUSC),(11) 4016-1157,Não Informado,Não Informado,Bragança Paulista,0,Entrância Inicial,Jarinu,50.58,110V,"Avenida da Saudade , 70 - Jardim da Saúde",13240-000,Jarinu,SP
928,Fórum Rio Claro VII - (Criminal) - Doutor Luiz Gonzaga de Arruda Campos,(19) 2112-6831,Não Informado,rioclaroadm@tjsp.jus.br,Rio Claro,5,Entrância Final,Rio Claro,157.95,220V,"Avenida Ulysses Guimarães , 2800 - Vila Alemã",13506-404,Rio Claro,SP
929,Fórum Carapicuíba II (Arquivo),(11) 4506-1792,Não Informado,Não Informado,Osasco,0,Entrância Final,Carapicuíba,20.58,110V,"Rua Doutor João Veloso , 09 - Vila Santa Terezinha",06311-070,Carapicuíba,SP
930,Fórum Ribeirão Pires III (CEJUSC),(11) 4826-4046,Não Informado,Não Informado,Santo André,0,Entrância Intermediária,Ribeirão Pires,29.06,110V,"Av. Prefeito Valdírio Prisco , 193 - Centro",09402000,Ribeirão Pires,SP
931,FÓRUM JALES - PRÉDIO IV (UDAJ - UNIJALES),(17) 3632-0140,Não Informado,Não Informado,Jales,0,Entrância Final,Jales,543.64,110V,"Avenida Francisco Jalles , 1927 - Centro",15703-200,Jales,SP
932,Posto de Atendimento de Inicial do Juizado Especial Cível de Campinas - METROCAM,(19) 4501-2780,Não Informado,Não Informado,Campinas,0,Entrância Final,Campinas,83.55,110V,"atendimento 2ª a 6ª feira - Rua Vinte e Quatro de Maio , 950 - Vila Industrial",13035-370,Campinas,SP
933,Fórum II Palmital (Residência Oficial),Não Informado,Não Informado,Não Informado,Não Informado,0,Não Informado,Não Informado,,Não Informado,"Rua Marechal Castelo Branco , 306 - Paraná",19973-126,Palmital,SP
934,Forum II  Peruíbe (Anexo de Violência Doméstica e Familiar contra a Mulher),Não Informado,Não Informado,Não Informado,Itanhaém,0,Entrância Inicial,Peruíbe,93.39,110V,"Rua Bolívia , 89 - Bairro São José",11750000,Peruíbe,SP
935,Fórum Fernandópolis VI (Anexo do Juizado),Não Informado,Não Informado,Não Informado,Fernandópolis,0,Entrância Final,Fernandópolis,519.93,110V,"Av. Teotônio Vilela , 1685 - Jardim Vitória",15608380,Fernandópolis,SP
936,Prédio do CEJUSC IX Sorocaba - Araçoiaba da Serra,(15) 3211-1391,Não Informado,Não Informado,Sorocaba,0,Entrância Final,Sorocaba,83.96,110V,"RUA: PROFESSOR TOLEDO , S/N - CENTRO - RODOVIÁRIA",18190000,Sorocaba,SP
937,Fórum Araras V - (Anexo da Violência Doméstica),(19) 3541-1881,Não Informado,Não Informado,Limeira,0,Entrância Intermediária,Araras,152.98,110V,"Av. David Nasser , 326 - Jd Universitário",13607334,Araras,SP
938,Fórum Bauru VII - (Prédio Cedido),Não Informado,Não Informado,Não Informado,Bauru,0,Entrância Final,Bauru,283.65,110V,"Avenida Cruzeiro do Sul , 6-80 - Vila Cardia",17013680,Bauru,SP
939,Fórum Bauru VIII - (Prédio Cedido),Não Informado,Não Informado,Não Informado,Bauru,0,Entrância Final,Bauru,283.65,110V,"Avenida Cruzeiro do Sul , 6-33 - Vila Cardia",17013680,Bauru,SP
940,Fórum Ribeirão Preto III - (CEJUSC),Não Informado,Não Informado,Não Informado,Ribeirão Preto,0,Entrância Final,Ribeirão Preto,289.85,110V,"Rua Ramos de Azevedo , 423 - Jardim Paulista",14090180,Ribeirão Preto,SP
941,Fórum Boituva VII - (CEJUSC),Não Informado,Não Informado,Não Informado,Itu,0,Entrância Inicial,Boituva,109.74,110V,"Rua José Angelo Biagione , 660 - Vila Ferriello",18550-000,Boituva,SP
963,Fórum Lins IV - CEJUSC (Polícia),(14) 3523-3522,Não Informado,Não Informado,Lins,0,Entrância Final,Lins,380.62,220V,"Rua Sarkis Djanikian , 35 - Real Parque",16402-752,Lins,SP
964,Fórum Nhandeara III (Anexo Escola Joaquim Fernandes de Melo),Não Informado,Não Informado,Não Informado,Votuporanga,0,Entrância Inicial,Nhandeara,472.71,110V,"Avenida Nahar Soubhia , 112 - Jardim N S Aparecida",15190-000,Nhandeara,SP
965,Unidade Avançada de Atendimento Judiciário das Empresas de Micro e Pequeno Porte,Não Informado,Não Informado,Não Informado,São Paulo,1,Não Informado,São Paulo,0.0,110V,"Rua Boa Vista , 76 - Centro",01014-001,São Paulo,SP
966,Fórum Guarujá V,Não Informado,Não Informado,Não Informado,Santos,0,Entrância Final,Guarujá,62.8,110V,"Av. Ademar de Barros , 2.198/2.210 - Jardim dos Pássaros",11430-003,Guarujá,SP
967,Fórum de Dracena VI (CEJUSC),(18) 3821-7742,Não Informado,Não Informado,Dracena,0,Entrância Intermediária,Dracena,552.86,110V,"Av. Expedicionários , 1540 - Centro",17900163,Dracena,SP
968,Fórum Francisco Morato V - CEJUSC (Defensoria Pública),(11) 4489-8701,Não Informado,Não Informado,Jundiaí,0,Entrância Final,Francisco Morato,31.6,110V,"Rua Progresso , 110 - Centro",07910-170,Francisco Morato,SP
969,Fórum da Barra Funda - Anexo da Infância e da Juventude,Não Informado,Não Informado,Não Informado,São Paulo,5,Não Informado,São Paulo,0.0,110V,"Rua José Gomes Falcão , 156 - Portão F - Barra Funda",01139-010,São Paulo,SP
970,Mairiporâ III - CEJUSC,(11) 4419-1820,Não Informado,Não Informado,Guarulhos,0,Entrância Inicial,Mairiporã,25.95,110V,"Alameda Tibiriçá , 1103 - Vila Ipanema",07600-084,Mairiporã,SP
971,CEJUSC II – UAAJ UNIGUARULHOS,Não Informado,Não Informado,Não Informado,Guarulhos,0,Entrância Final,Guarulhos,14.13,110V,"Praça Tereza Cristina , 88 - Centro",07023-070,Guarulhos,SP
972,Fórum Bauru - UPJ 1ª E 2ª VARAS DE VIOLÊNCIA DOMÉSTICA E FAMILIAR CONTRA A MULHE,Não Informado,Não Informado,Não Informado,Bauru,2,Entrância Final,Bauru,283.65,110V,"Rua Silva Jardim , 2-77 - Bela Vista",17060-240,Bauru,SP
